AAREN,AARON,
AARON,AAREN,
ABAGAEL,ABAGAIL,ABIGAEL,
ABAGAIL,ABAGAEL,
ABASE,ABASER,ABASH,ABATE,
ABASEMENT,ABASHMENT,ABATEMENT,
ABASER,ABASE,ABATER,
ABASH,ABASE,
ABASHMENT,ABASEMENT,
ABATE,ABASE,ABATED,ABATER,
ABATED,ABATE,ABATER,
ABATEMENT,ABASEMENT,
ABATER,ABASER,ABATE,ABATED,
ABBOT,ABBOTT,
ABBOTT,ABBOT,
ABBREVIATE,ABBREVIATED,ABBREVIATES,
ABBREVIATED,ABBREVIATE,ABBREVIATES,
ABBREVIATES,ABBREVIATE,ABBREVIATED,
ABHORRED,ABHORRER,
ABHORRER,ABHORRED,
ABIDE,ABIDER,ABODE,
ABIDER,ABIDE,
ABIGAEL,ABAGAEL,
ABJURE,ABJURER,
ABJURER,ABJURE,
ABLATE,ABLAZE,
ABLATION,ABLUTION,
ABLAZE,ABLATE,
ABLER,ABLES,ABNER,
ABLES,ABLER,ABLEST,
ABLEST,ABLES,
ABLUTION,ABLATION,
ABNER,ABLER,
ABODE,ABIDE,
ABOLITIONISM,ABOLITIONIST,
ABOLITIONIST,ABOLITIONISM,
ABOMINABLE,ABOMINABLY,
ABOMINABLY,ABOMINABLE,
