ABAFT,
ABDEL,
ABOVEBOARD,
ABOVEGROUND,
ACHIEVABLE,
ADIDAS,
AIRLIFT,
ALLHALLOWS,
ALNILAM,
AURORAL,
AUTOCLAVE,
AUTODIAL,
BALALAIKA,
BANALITY,
BANKBOOK,
BARYRAM,
BATHTUB,
BEATITUDE,
BEAUMARCHAIS,
BEFITTED,
BEFITTING,
BEILUL,
BENUMB,
BERLITZ,
BETRAYER,
BICKERER,
BINAURAL,
BINOMIAL,
BIOFEEDBACK,
BIOMORPH,
BISHKEK,
BITMAP,
BLAMELESS,
BLEARILY,
BOOMERANG,
BUFFERER,
BUFFLEHEAD,
BUFFOONERY,
BURLAP,
BUTTONER,
CAREWORN,
CARLYLE,
CELLULAR,
CHAIRLIFT,
CHANNELER,
CHECKERBOARD,
CHIFFONIER,
CHOKECHERRY,
CITADEL,
COBWEBBING,
COEDITED,
COFFEECUP,
CONRAIL,
COPYBOOK,
DAIMLER,
DATABASE,
DATEDLY,
DATIVE,
DEATHBED,
DEATHTRAP,
DELILAHS,
DEMONOLOGY,
DERIVABLE,
DESIRER,
DETERIORATE,
DETONABLE,
DIATHESIS,
DIHEDRAL,
DITZEL,
DOODLEBUG,
DOWNLAND,
DOWNPIPES,
DRATTED,
DREARILY,
DREARINESS,
DUNLAP,
DUODENAL,
EAGERNESS,
EARLDOM,
EARLOBE,
EARMUFF,
EDEMATOUS,
EDINBURGH,
EDITABLE,
EDITED,
EHRLICH,
EIDETIC,
EPINEPHRINE,
EPITHET,
ERGOSTEROL,
ERNALINE,
ERROR,
ESCAROLE,
ETHELBERT,
ETHELDA,
ETHELRED,
ETRURIA,
EULALIE,
EULERIAN,
FADEDLY,
FAFNIR,
FAMILIAL,
FASCISM,
FATHEADED,
FATHOMABLE,
FATHOMLESS,
FEEBLENESS,
FETIDNESS,
FEUDATORY,
FIDDLER,
FIDUCIAL,
FIFTHS,
FIFTIETHS,
FIGURAL,
FIGURER,
FINDABLE,
FIREWORK,
FISHWIFE,
FIVEFOLD,
FOCUSER,
FOOTNOTE,
FOPPISH,
FOREPEOPLE,
FUNAFUTI,
FUNERARY,
FUSILIER,
GADFLY,
GALILEAN,
GALLARD,
GAMALIEL,
GANYMEDE,
GASEOUSNESS,
GASLIGHT,
GATHERER,
GENIALNESS,
GEODETIC,
GIBBERISH,
GIGABYTE,
GIGACYCLE,
GIMLET,
GIRLFRIEND,
GISELBERT,
GIVEBACK,
GLOOMILY,
GLOPPED,
GLORIOUS,
GNOMELIKE,
GODMOTHER,
GOEBBELS,
GOODMAN,
GOSSAMER,
GRUYERES,
GUACAMOLE,
GUILELESS,
GUTENBERG,
GUTTURAL,
HABITABLE,
HADAMARD,
HALALLED,
HALLMARK,
HARELIP,
HARMER,
HEATEDLY,
HEATWAVE,
HEBEPHRENIC,
HEIDELBERG,
HELMHOLTZ,
HIMMLER,
HOBBLER,
HOLDOUT,
HONOLULU,
HOODEDNESS,
HOSEPIPE,
HOTHEADED,
HOUSECLEAN,
HOUSETOP,
HOVERER,
HUCKLEBERRY,
HURLER,
HUSSERL,
HYMENEAL,
HYPOPHYSEAL,
IBUPROFEN,
ICARUS,
ICECAP,
IDEMPOTENT,
IDIOPATHIC,
IDLER,
IFFINESS,
ILEITIDES,
ILEITIS,
ILIAD,
ILLIBERAL,
ILLUSORY,
IOSEP,
IOWA,
IRE,
IRELAND,
IRONWOOD,
IROQUOIS,
IRRELIGIOUS,
IRREMOVABLE,
ISOCYANATE,
ISSUED,
ITAIPU,
ITSELF,
JABBERER,
JACKHAMMER,
JACKRABBIT,
JADEDNESS,
JAGGERS,
JAPANNED,
JAPANNER,
JAPANNING,
JARLSBERG,
JASPER,
JAVASCRIPT,
JAYWALKER,
JDAVIE,
JELLYBEAN,
JELLYFISH,
JELLYLIKE,
JELLYROLL,
JEREMIAD,
JEROBOAM,
JERRILYN,
JINRIKISHA,
JITTERBUG,
JOBREL,
JOCOSENESS,
JOGJAKARTA,
JOLLILY,
JOSTLE,
JOURNEYER,
JOVANOVICH,
JOYFULLER,
JUDDERED,
JUDDERING,
JUDICABLE,
JUMPINESS,
JUMPSUIT,
JUNIORITY,
JUPITER,
JURASSIC,
KAKALINA,
KARLOFF,
KASHMIR,
KATHMANDU,
KATYDID,
KAZAKHSTAN,
KEMEROVO,
KESSLER,
KETCHUP,
KETTLEDRUM,
KETTLEFUL,
KEYCLICK,
KHABAROVSK,
KICKBACK,
KICKBALL,
KIDLESS,
KILLEBREW,
KILOJOULE,
KILOLITER,
KILOTON,
KILOVOLT,
KISHINEV,
KLEINROCK,
KLYSTRON,
KNEEPAD,
KNOWLES,
KNURL,
KODACHROME,
KORDULA,
KORNBERG,
KUIBYSHEV,
LADYBIRD,
LADYLOVE,
LARDER,
LARKSPUR,
LARVAL,
LATTIMER,
LAUDATORY,
LEARNING,
LEAVENWORTH,
LIFEBOAT,
LIFEBUOY,
LILTING,
LIMELIGHT,
LIMPOPO,
LITOTES,
LOFTILY,
LOLLIPOP,
LOOSELEAF,
LORRYLOAD,
LOUDHAILER,
LOVECHILD,
LUBUMBASHI,
LUDMILLA,
LURER,
LUTETIUM,
LYALLPUR,
MAHABHARATA,
MALARIAL,
MALAYALAM,
MARMALADE,
MARYROSE,
MAUPASSANT,
MBABANE,
MCCLELLAN,
METHODOLOGY,
MILKSOP,
MILLENNIAL,
MILLILITER,
MIRROR,
MOBCAP,
MOBILITY,
MODIFIABLE,
MORALLER,
MORIARTY,
MOVEMENT,
MOVIEGOER,
MUFINELLA,
MYOPICALLY,
NABOB,
NAGASAKI,
NAILER,
NAMELY,
NATALITY,
NATCHEZ,
NATIVENESS,
NAVAJOES,
NDJAMENA,
NECKBAND,
NEEDLEPOINT,
NEOLITHIC,
NEOLOGISM,
NETHERWORLD,
NEURITIDES,
NEWBURYPORT,
NEWSPAPER,
NEWSWEEKLY,
NILLING,
NILPOTENT,
NOLAND,
NONALLERGIC,
NONLINEAR,
NONLIVING,
NONRANDOM,
NOSEBAG,
NOTATIVE,
NOTICED,
NOTIFIER,
NOVEMBER,
NOVGOROD,
NOVITIATE,
NUKUALOFA,
NULLIFY,
NUMERABLE,
NUTHATCH,
NYERERE,
OATMEAL,
OCEANFRONT,
OCEANOLOGY,
OCULAR,
ODETS,
ODORLESS,
OENOPHILE,
OFFSPRING,
OGILVY,
OILER,
OILFIELD,
OILSEED,
OKEECHOBEE,
OLEANDER,
OLENOLIN,
OLFACTORY,
OLIGOCENE,
OLIGOPOLY,
OMELET,
OMITTED,
OMNIBUS,
ONONDAGA,
ONTOGENY,
ONWARD,
ORB,
ORDEAL,
ORIZABA,
ORMOLU,
OSHKOSH,
OUTLIVE,
OVULAR,
PALEOLITHIC,
PANPIPES,
PAPERLESS,
PAVEMENT,
PAYSLIP,
PICCALILLI,
PICKEREL,
PIVOTAL,
PIVOTING,
POPOVER,
POTPIE,
POTPOURRI,
PUTATIVE,
QADDAFI,
QUAGMIRE,
QUALIFIED,
QUALIFIER,
QUALIFY,
QUALITATIVE,
QUALMISH,
QUANDARY,
QUANGOS,
QUARANTINE,
QUARREL,
QUARRELER,
QUARRIER,
QUARTET,
QUARTILE,
QUEASILY,
QUEBEC,
QUEENLY,
QUELLER,
QUENCHABLE,
QUENCHER,
QUESTED,
QUESTER,
QUIBBLE,
QUIBBLER,
QUICKSILVER,
QUICKSTEP,
QUIETEN,
QUIETLY,
QUILTER,
QUILTING,
QUININE,
QUINLAN,
QUIPPED,
QUIPPING,
QUIPSTER,
QUIRINAL,
QUIRING,
QUIRKINESS,
QUITCLAIM,
QUIZZICAL,
QUOTABILITY,
QUOTIENT,
RADIOPHONE,
RAILWAYMEN,
RAREBIT,
RAREFACTION,
RAREFY,
REARWARD,
RECESSIVE,
REFERRAL,
REHEARSAL,
REHEARSED,
RELEARN,
REORGANIZED,
RERUNNING,
RETROROCKET,
REVIVIFY,
REWARDED,
REWARM,
ROADSIGNS,
ROARER,
ROLLERBLADE,
ROLODEX,
RORSCHACH,
ROTATED,
ROTOTILL,
RUMORER,
RURAL,
RURALITY,
SCALELESS,
SELLERS,
SEMIPUBLIC,
SLALOM,
SLURP,
SMALLPOX,
SPAFFORD,
SPAVIN,
SPELEOLOGY,
STILLWELL,
SUBOPTIMAL,
SWALLOWTAIL,
SWARMER,
TABLELAND,
TADPOLE,
TAFFRAIL,
TAILPIPE,
TALLULAH,
TAMERLANE,
TANANARIVE,
TANNENBAUM,
TASHKENT,
TECHNOLOGY,
TEENYBOPPER,
TELETYPE,
TELLTALE,
TELOMERIC,
TEMERITY,
TEPIDITY,
TESSERAL,
TETRAVALENT,
THATCHER,
TIDEWATER,
TILLABLE,
TITANATE,
TITLEHOLDER,
TOILETRY,
TOOTHBRUSH,
TOPNOTCH,
TOPSPIN,
TOWPATHS,
TOXICOLOGY,
TSAREVICH,
TUBMAN,
TUGBOAT,
TUNNELER,
TUSCARORA,
TYLENOL,
TYPECAST,
TYPEFACE,
UFO,
UGLINESS,
UKULELE,
ULBERTO,
ULICK,
ULLMAN,
ULNAE,
ULNAR,
ULSTER,
ULYANOVSK,
UNIFY,
UNION,
UNLABORED,
UNLEARN,
UNREWARDING,
UPCHUCK,
UPHEAVAL,
UPKEEP,
UPMARKET,
UPON,
UPPISH,
UPRIVER,
URDU,
URETHANE,
URINARY,
URTICARIA,
USED,
USENIX,
USTINOV,
USURER,
UTAHAN,
UTICA,
UTOPIA,
UTRECHT,
UTRILLO,
UTTERED,
UTTERER,
UVULAR,
VACLAV,
VALERIAN,
VALUELESS,
VAPIDITY,
VARIER,
VEBLEN,
VEDANTA,
VEHEMENT,
VELOCIPEDE,
VENALITY,
VENDETTA,
VENDIBLE,
VENEER,
VENEERER,
VENERABLE,
VENEREAL,
VENIALNESS,
VENOM,
VERBENA,
VERIFIABLE,
VERIFIER,
VERMIFORM,
VIADUCT,
VIBRAPHONE,
VICEGERENT,
VICHYSSOISE,
VIDEOPHONE,
VIDEOTAPE,
VIEWGRAPH,
VILHELMINA,
VILLARREAL,
VISCERAL,
VISIONARY,
VITALITY,
VITIATION,
VITICULTURE,
VITIM,
VITREOUS,
VITRIFY,
VITUPERATE,
VIVACE,
VIVACITY,
VIVEKANANDA,
VIVIFY,
VLADIVOSTOK,
VOCAB,
VOLUMINOUS,
VOTIVE,
VOUCHSAFE,
VULPINE,
WAFTER,
WAITPEOPLE,
WALLPAPER,
WAMPUM,
WARHORSE,
WARLORD,
WARMBLOODED,
WAVEBAND,
WAVENUMBER,
WAYFARER,
WEANLING,
WEAPONLESS,
WEAPONRY,
WEEDKILLER,
WEISSMULLER,
WELDWOOD,
WHALEBOAT,
WHIPCORD,
WHIRLWIND,
WHITBY,
WHITEBAIT,
WHITELEAF,
WHITETAIL,
WHITTLER,
WHOLEMEAL,
WICKERWORK,
WIGGLER,
WIGLET,
WILDLIFE,
WILILY,
WINLESS,
WOEBEGONE,
WOMANHOOD,
WOMBAT,
WOMENFOLK,
WOODBINE,
WORMHOLE,
WORRYWART,
WYCHERLEY,
WYCLIFFE,
XANADU,
XANTHIPPE,
XANTHUS,
XEBEC,
XENAKIS,
XENOPHON,
XEROX,
XERXES,
XIAOPING,
XOCHIPILLI,
XTERM,
XVIII,
XYLIA,
YANATON,
YANGON,
YARD,
YARDARM,
YARDLEY,
YARMULKE,
YEAGER,
YEARBOOK,
YEARLY,
YEARNER,
YEARNING,
YEHUDIT,
YELLOWKNIFE,
YELLOWNESS,
YELLOWSTONE,
YELP,
YELPER,
YELTSIN,
YEMENITE,
YENTL,
YEOMANRY,
YEREVAN,
YERKES,
YESHIVA,
YEVTUSHENKO,
YIELDING,
YODEL,
YODELER,
YODER,
YOGURT,
YONDER,
YONKERS,
YORKTOWN,
YORUBA,
YOSEMITE,
YOUNGISH,
YOUTHFUL,
YOVONNDA,
YPRES,
YPSILANTI,
YSABEL,
YTTERBIUM,
YTTRIUM,
YVES,
YVOR,
ZABRINA,
ZAGREB,
ZAMBEZI,
ZAMENHOF,
ZAMORA,
ZANZIBAR,
ZARLA,
ZEALAND,
ZEALOTRY,
ZEALOUSNESS,
ZEDONG,
ZEFFIRELLI,
ZEITGEIST,
ZELLERBACH,
ZENGER,
ZEPHANIAH,
ZEROING,
ZHDANOV,
ZHUKOV,
ZIEGFELD,
ZIEGLER,
ZIGZAGGED,
ZIGZAGGER,
ZILVIA,
ZIMMERMAN,
ZITELLA,
ZITHER,
ZODIACAL,
ZONAL,
ZOOKEEPERS,
ZOOPHYTIC,
ZULULAND,
ZURICH,
ZWINGLI,
ZYGOTIC,
ZYMURGY,
