AACHEN,
AARDVARK,
AAREN,ARRON,ARYN,
AARHUS,
AARIKA,
AARON,ARUM,ERROL,OREN,ORREN,
ABACK,ACROBAT,CABOT,
ABACUS,ACCUSTOMED,ADVOCATE,EGGCUP,EPOCHAL,METHODICAL,
ABAFT,
ABAGAEL,ABAGAIL,ABIGAEL,TOBAGGON,
ABAGAIL,ABAGAEL,ABIGAEL,ABIGALE,
ABALONE,BALONEY,BOLOGNA,
ABANDON,ABANDONMENT,ABUNDANCE,ABUNDANT,ADAPTABLE,ADDENDUM,ANDROMEDA,ANNABELLE,ATTAINABLE,AUDIBLE,CANNIBAL,DEPENDABLE,EDIBLE,IMAGINABLE,IMAGINED,INDOMITABLE,INEDIBLE,INTANGIBLE,MADAM,MADAME,MANAGEABLE,MANDIBLE,OBTAINABLE,RAMADAN,TANGIBLE,UNTENABLE,
ABANDONER,IMAGINER,
ABANDONMENT,ABANDON,ABUNDANCE,ABUNDANT,ADAMANT,ADDENDUM,CONDIMENT,IMPEDIMENT,MANAGEMENT,PUNGENT,REDUNDANT,SEDIMENT,UNTENABLE,
ABASE,
ABASEMENT,DISABLEMENT,SUBBASEMENT,
ABASER,ABATER,ABETTOR,
ABASH,ABASHED,
ABASHED,ABASH,
ABASHMENT,
ABATE,ABATED,ABETTED,ABETTING,AGAPE,DATABASE,DEBATE,EPIDEMIC,IMITATE,INCUBATE,
ABATED,ABATE,ABETTED,ACCREDITED,ADAPTED,ADDITIVE,AGITATE,ALLOCATED,ANIMATED,ANNOTATED,ANTICIPATED,APPENDAGE,ATTESTED,AUDITED,BATED,BELATED,CHIPPENDALE,COMMITTED,DATABASE,DATED,DEBILITATE,DILAPIDATE,EDUCATED,EPIGENETIC,FETED,IMITATE,IMITATIVE,INDEBTED,INHIBITED,INTIMIDATE,JETTED,KATYDID,LITIGATE,MATED,MEDICATE,MEDITATIVE,MITIGATE,MITIGATED,NEGATED,OEDIPUS,OPINIONATED,OUTDATED,PASTED,PROPAGATED,REPETITIVE,ROTATED,SEDATE,SEGREGATED,STATED,TEPID,TIBETAN,UNABATED,UNDATED,UNEDUCATED,UNINHIBITED,UNMITIGATED,UPDATE,VETTED,
ABATEMENT,APPOINTMENT,IMPEDIMENT,
ABATER,ABASER,ABETTOR,
ABATTOIR,
ABBESS,
ABBEY,
ABBOT,ABBOTT,ABUTTED,ADAPTABLE,CABOT,IBIS,INHABIT,INHABITED,INHIBIT,OEDIPAL,RABBIT,
ABBOTT,ABBOT,ABUTTED,ADAPTABLE,CABOT,IBIS,INHABIT,INHABITED,INHIBIT,OEDIPAL,RABBIT,
ABBREV,
ABBREVIATE,ABBREVIATED,ABBREVIATES,ABBREVIATING,
ABBREVIATED,ABBREVIATE,ABBREVIATES,ABBREVIATING,APPROPRIATED,DEVIATED,DEVIATING,
ABBREVIATES,ABBREVIATE,ABBREVIATED,ABBREVIATING,
ABBREVIATING,ABBREVIATE,ABBREVIATED,ABBREVIATES,DEVIATING,
ABBREVIATION,ALLEVIATION,AVIATION,DEVIATION,
ABBYE,BABBIE,IBBIE,
ABDEL,
ABDICATE,ABROGATE,ACCOMMODATED,AGGREGATED,AGITATE,AGITATED,APPLICATOR,DEDICATE,DEDICATED,EDUCATE,EDUCATED,EDUCATOR,ERADICATE,FABRICATE,INDICATE,INDICATOR,MITIGATE,OBLIGATE,PREDICATE,UNMITIGATED,UPTAKE,
ABDICATION,ABNEGATION,ABROGATION,ADVOCATION,APPLICATION,FABRICATION,MITIGATION,OBLIGATION,
ABDOMEN,
ABDOMINAL,
ABEAM,
ABELARD,
ABELSON,
ABERDEEN,GABARDINE,
ABERNATHY,
ABERRANT,
ABERRATION,ABERRATIONAL,ADORATION,APPARITION,ELABORATION,LIBERATION,OPERATION,
ABERRATIONAL,ABERRATION,ADORATION,ELABORATION,OPERATIONAL,
ABETTED,ABATE,ABATED,ABETTING,ADAPTED,AGITATE,AGITATED,ANIMATED,ANNOTATED,ANTICIPATED,APPENDAGE,ATTESTED,AUDITED,BATED,CHIPPENDALE,COGITATE,CREDIBILITY,DATABASE,DATED,DEBATE,DEBILITATE,DEDICATE,DEDICATED,DETECTABLE,DETECTED,DILAPIDATE,EDUCATE,EDUCATED,EPIGENETIC,IDETTE,IMITATE,IMITATIVE,INCUBATE,INDEBTED,INHIBITED,INTIMIDATE,JETTED,KATYDID,MEDITATE,MEDITATIVE,MITIGATED,NEGATED,OPINIONATED,OUTDATED,PROPAGATED,REPETITIVE,SEDATE,SEGREGATED,STATED,TEPID,TIBET,TIBETAN,UNABATED,UNDATED,UNMITIGATED,UPDATE,VEGETATE,VEGETATIVE,VETTED,
ABETTING,ABATE,ABETTED,ALPHABETIC,ALPHABETICAL,APOLOGETIC,BETTING,EDUCATE,EDUCATED,EPIDEMIC,EPIGENETIC,ESTIMATING,INCAPABLE,OBSTETRIC,
ABETTOR,ABASER,ABATER,
ABEYANCE,
ABEYANT,
ABHORRED,
ABHORRENCE,
ABHORRENT,
ABHORRER,
ABHORRING,
ABIDANCE,ABIDER,IBIDEM,
ABIDE,ABIDING,BIBLE,GIGABYTE,IBIS,MEGABYTE,
ABIDER,ABIDANCE,BIDER,GIBER,
ABIDING,ABIDE,GIGABYTE,OBLIGING,
ABIDJAN,
ABIGAEL,ABAGAEL,ABAGAIL,TOBAGGON,
ABIGALE,ABAGAIL,
ABILENE,
ABILITY,ACIDITY,ADAPTABILITY,AGILITY,ALAMEDA,ALKALINITY,APOGEE,APOLOGY,APPALACHIAN,ATTILA,ATTRIBUTABLE,AVAILABILITY,CAPABILITY,CREDIBILITY,CRITICALITY,CULPABILITY,DEBILITATE,DEBILITY,DISREPUTABLE,DUCTILITY,ELIGIBILITY,ENTOMOLOGY,EPISTEMOLOGY,ETYMOLOGY,FEASIBILITY,FIDELITY,FLEXIBILITY,FRAGILITY,GULLIBILITY,INHIBITED,ITALY,LEGIBILITY,LIQUIDITY,MODALITY,OEDIPAL,PADILLA,PALATABLE,PENELOPE,PETROLOGY,POLITICALLY,PORTABILITY,POSSIBILITY,PROBABILITY,RAPIDITY,READABILITY,REBUTTAL,RELIABILITY,REPEATABLE,SOLIDITY,STABILITY,SUITABILITY,TBILISI,TIMIDITY,TOPOLOGY,TURBIDITY,UNPALATABLE,VISIBILITY,VOLATILITY,
ABJECT,OBJECT,
ABJECTION,
ABJECTNESS,ADEPTNESS,
ABJURATION,ADJURATION,
ABJURATORY,
ABJURE,ABJURER,ADJURE,
ABJURER,ABJURE,ADHARA,ADJURE,
ABLATE,
ABLATION,OBLATION,
ABLATIVE,
ABLAZE,
ABLER,ENABLER,
ABLES,
ABLEST,UNSTABLE,
ABLOOM,
ABLUTION,
ABNEGATE,ABROGATOR,
ABNEGATION,ABDICATION,ABROGATION,AGGREGATION,OBLIGATION,
ABNER,
ABNORMAL,
ABNORMALITY,NORMALITY,
ABOARD,ABORT,ABOVEBOARD,
ABODE,
ABOLISH,
ABOLISHER,
ABOLISHMENT,
ABOLITION,ABOLITIONISM,ABOLITIONIST,ADULATION,APPELLATION,IMMOLATION,OPPOSITION,TABULATION,
ABOLITIONISM,ABOLITION,ABOLITIONIST,ADULATION,ASSIMILATION,DEPOSITION,ELIMINATION,EMOTIONALISM,IMAGINATION,IMPOSITION,METABOLISM,NATIONALISM,OPPOSITION,RACIALISM,REVISIONISM,
ABOLITIONIST,ABOLITION,ABOLITIONISM,ADDITIONAL,ADULATION,ASSIMILATION,EMOTIONALISM,EXHIBITION,ILLUSIONIST,INSULATION,MODULATION,NATIONALISM,NATIONALIST,OPPOSITION,RACIALISM,REALIZATION,
ABOMINABLE,AHMED,ALABAMAN,AMABELLE,ANNABELLE,CANNIBAL,ESTIMABLE,IMAGINABLE,INDOMITABLE,MUMBLE,OBTAINABLE,OMNIBUS,
ABOMINABLY,ALBUMEN,AMENABLY,
ABORIGINAL,ABORIGINE,FEDERALISM,ORIGINAL,ORIGINALLY,
ABORIGINE,ABORIGINAL,ORIGINALLY,
ABORNING,
ABORT,ABOARD,
ABORTIVE,
ABORTIVENESS,
ABOUND,
ABOUT,RUBOUT,
ABOVE,ABUZZ,
ABOVEBOARD,ABOARD,
ABOVEGROUND,
ABRACADABRA,
ABRADE,
ABRADER,ABRIDGER,
ABRAHAM,IBRAHIM,
ABRAHAN,
ABRAM,
ABRAMO,
ABRAMSON,IBSEN,
ABRAN,
ABRASION,
ABRASIVE,AGGRESSIVE,AGGRESSIVELY,OBSESSIVE,OPPRESSIVE,REGRESSIVE,
ABRASIVENESS,ADHESIVENESS,
ABREACTION,
ABREAST,ADDRESSED,
ABRIDGE,UMBRAGE,
ABRIDGED,UNABRIDGED,
ABRIDGER,ABRADER,
ABRIDGMENT,
ABROAD,
ABROGATE,ABDICATE,AGAPE,AGGREGATED,BARRICADE,BRIGADE,EDUCATE,EDUCATED,INTERROGATE,IRRIGATE,OBLIGATE,SEGREGATE,SEGREGATED,
ABROGATION,ABDICATION,ABNEGATION,ACCUSATION,AGGREGATION,ALLEGATION,APPLICATION,APPROBATION,EDUCATION,EDUCATIONAL,IRRIGATION,OBLIGATION,OCCASION,SEGREGATION,
ABROGATOR,ABNEGATE,
ABRUPT,ABRUPTNESS,
ABRUPTNESS,ABRUPT,
ABSCESS,OBSESS,
ABSCISSA,
ABSCISSION,
ABSCOND,
ABSCONDER,
ABSEIL,
ABSENCE,ABSENT,
ABSENT,ABSENCE,ABSENTEE,
ABSENTEE,ABSENT,AMNESTY,
ABSENTEEISM,
ABSENTIA,
ABSENTMINDED,
ABSINTHE,
ABSOLUTE,ABSOLUTENESS,ABSOLUTISM,ABSOLUTIST,
ABSOLUTENESS,ABSOLUTE,ABSOLUTISM,ABSOLUTIST,
ABSOLUTION,ALEUTIAN,SOLUTION,
ABSOLUTISM,ABSOLUTE,ABSOLUTENESS,ABSOLUTIST,
ABSOLUTIST,ABSOLUTE,ABSOLUTENESS,ABSOLUTISM,
ABSOLVE,
ABSOLVER,
ABSORB,ABSORBED,ABSORBENT,ABSORBER,ABSORBING,
ABSORBED,ABSORB,
ABSORBENCY,ABSORBENT,
ABSORBENT,ABSORB,ABSORBENCY,
ABSORBER,ABSORB,
ABSORBING,ABSORB,
ABSORPTION,
ABSORPTIVE,ABSORPTIVITY,
ABSORPTIVITY,ABSORPTIVE,
ABSTAIN,ABSTENTION,OBTAIN,
ABSTAINER,
ABSTEMIOUS,
ABSTENTION,ABSTAIN,CONTESTED,INGESTION,INTESTINE,OBSTETRICAL,OSTENSIBLY,SUBSTANCE,SUBSTANTIVE,
ABSTINENCE,ABSTINENT,OBSTINATE,UNBALANCED,UPFRONT,
ABSTINENT,ABSTINENCE,OBSTINATE,UNBALANCED,
ABSTRACT,ABSTRACTED,ABSTRACTION,EXTRACT,
ABSTRACTED,ABSTRACT,ACCEPTED,ADAPTED,EXPEDITE,EXPENDED,OBSTRUCTED,
ABSTRACTER,ABSTRACTNESS,ABSTRACTOR,EXTRACTOR,
ABSTRACTION,ABSTRACT,EXTRACTION,
ABSTRACTNESS,ABSTRACTER,ABSTRACTOR,STRICTNESS,
ABSTRACTOR,ABSTRACTER,ABSTRACTNESS,EXTRACTOR,
ABSTRUSE,
ABSTRUSENESS,
ABSURD,UPSURGE,
ABSURDITY,UNDERSTUDY,VERTEBRA,
ABSURDNESS,
ABUJA,
ABUNDANCE,ABANDON,ABANDONMENT,ABUNDANT,ADDENDUM,UNTENABLE,
ABUNDANT,ABANDON,ABANDONMENT,ABUNDANCE,ADDENDUM,UNTENABLE,
ABUSE,
ABUSED,AMUSED,
ABUSER,
ABUSES,ABUSIVE,
ABUSING,AMUSING,
ABUSIVE,ABUSES,EFFUSIVE,OBTRUSIVE,
ABUSIVENESS,
ABUTMENT,
ABUTTED,ABBOT,ABBOTT,ABUTTING,ADAPTABLE,ADJUSTABLE,ADMITTED,ATTAINABLE,ATTRIBUTABLE,AUDIBLE,AUDIBLES,CHARITABLE,CREDITABLE,DEBATABLE,DEDUCTIBLE,EATABLE,EDIBLE,EDITED,EQUITABLE,ERADICABLE,HABITABLE,IMITABLE,INDOMITABLE,INEDIBLE,INEVITABLE,INHABITED,INIMITABLE,IRRITABLE,OBTAINABLE,OEDIPAL,PUDDLE,TOUCHABLE,TUB,UNTOUCHABLE,
ABUTTER,EDITABLE,ICHABOD,INHABITABLE,
ABUTTING,ABUTTED,AMICABLE,ATTAINABLE,BUDDING,BUTTING,DEBATABLE,EATABLE,IMITABLE,INCAPABLE,INEDIBLE,INIMITABLE,OBTAINABLE,
ABUZZ,ABOVE,
ABYSMAL,
ABYSS,
ABYSSAL,ACIDULOUS,ANALOGICAL,ASSAILABLE,CYBIL,DISHABILLE,ERYSIPELAS,ETHNOLOGICAL,ETHOLOGICAL,GEMOLOGICAL,IMPASSIBLE,ISABELITA,ISEABAL,RHAPSODICAL,SIBEL,SIBYLLE,SYBYL,SYLLABICITY,TYPOLOGICAL,UNMISSABLE,
ABYSSINIA,ABYSSINIAN,
ABYSSINIAN,ABYSSINIA,OBSIDIAN,
ACACIA,ALLOCATION,EDUCATION,RICOCHET,
ACADEME,ACADEMIC,ACADEMY,AGATE,AUGUSTINE,
ACADEMIA,IMMEDIATE,
ACADEMIC,ACADEME,AGGREGATED,EMETIC,EPIDEMIC,MITIGATE,RABBINICAL,
ACADEMICAL,AMICABLENESS,ATOMICITY,ECOLOGIC,EDUCABILITY,EPICYCLICAL,EPIDEMICALLY,MIKKEL,
ACADEMICIAN,ADAPTATION,ADDITION,AGITATION,EDITION,EDUCATION,EDUCATIONAL,FISSIONABLE,IMAGINATION,IMITATION,INDICATION,INHIBITION,INTEGRATION,OPPOSITION,
ACADEMY,ACADEME,AGONY,ANTIGONE,APOGEE,CABANA,MACADAM,MCADAM,
ACADIA,ARCADIA,
ACANTHUS,
ACAPULCO,
ACCEDE,EXCEED,
ACCELERATE,ACCELERATED,ACCELERATING,ACCELERATOR,DECELERATE,
ACCELERATED,ACCELERATE,ACCELERATING,ACCELERATOR,ACCENTED,ACCEPTED,DECELERATE,EXHILARATE,EXHILARATING,FEDERATED,ITERATIVE,
ACCELERATING,ACCELERATE,ACCELERATED,ACCELERATOR,ANOREXIC,ARRESTING,EXHILARATING,
ACCELERATION,DECELERATION,EXHILARATION,RESTORATION,
ACCELERATOR,ACCELERATE,ACCELERATED,ACCELERATING,ETCETERA,
ACCENT,
ACCENTED,ACCELERATED,ACCENTUATE,ACCEPTED,ACCIDENTAL,ACTIVATED,ADJECTIVE,ANTAGONISTIC,ATHLETICS,ATTENTIVE,ATTESTED,CONTACTED,DISCONNECTED,DISTEND,ENCAPSULATE,ENCRYPTED,EXPENDED,EXTEND,EXTENT,IDENTICAL,INACTIVE,INDEBTED,INDISCREET,INTACT,INTENDED,INTERESTED,INTESTINAL,SCENTED,STAGNATE,SYNTAX,UNCOLLECTED,UNINTENDED,
ACCENTUAL,
ACCENTUATE,ACCENTED,ACTUATE,INFATUATE,STATUESQUE,STATUETTE,
ACCENTUATION,ACTUATION,EXTENUATION,
ACCEPT,ACCEPTANCE,ACCEPTED,ACCEPTING,ACCESSED,ASPECT,EXCEPT,EXPECT,EXPECTANT,EXPECTED,
ACCEPTABLE,ACCEPTABLY,ACCESSIBLE,ADAPTABLE,COLLAPSIBLE,COLLECTIBLE,CONTESTABLE,DELECTABLE,DETECTABLE,ELECTABLE,EXPENDABLE,EXPLICABLE,EXPORTABLE,INJECTABLE,OBSTETRICAL,PERCEPTIBLE,RESPECTABLE,SUSCEPTIBLE,TAXABLE,UNPALATABLE,
ACCEPTABLY,ACCEPTABLE,ACCEPTING,APOPLEXY,EXPECTANCY,RESPECTABLY,
ACCEPTANCE,ACCEPT,ACCEPTED,ACCEPTING,EXCEPT,EXPECTANCY,EXPECTANT,EXPECTED,EXPENSE,EXPENSIVE,EXTANT,INTESTINE,
ACCEPTANT,ACCEPTER,ACCEPTOR,SEXTANT,UNACCEPTED,
ACCEPTATION,ATTESTATION,DECSTATION,ERUCTATION,EXPATIATE,EXPORTATION,EXULTATION,LACTATIONAL,VEXATION,
ACCEPTED,ABSTRACTED,ACCELERATED,ACCENTED,ACCEPT,ACCEPTANCE,ACCEPTING,ACTIVATED,ADAPTED,ATTESTED,BACKSTAGE,CASCADE,CHEAPSKATE,DETECT,DETECTIVE,DISCONNECTED,DISKETTE,DYSPEPTIC,ECSTATIC,ECSTATICALLY,EPILEPTIC,EXCEPT,EXCULPATE,EXPECTANCY,EXPECTANT,EXPECTED,EXPECTING,EXPEDITE,EXPENDED,EXPLOITATIVE,INFECTED,LACTATE,OBJECTIVITY,OBSTETRICS,OCTET,OPTICS,PROTECTED,RESPECTED,RESPECTIVE,SKEPTIC,TESTED,
ACCEPTER,ACCEPTANT,ACCEPTOR,
ACCEPTING,ACCEPT,ACCEPTABLY,ACCEPTANCE,ACCEPTED,ACTING,ECSTATIC,EXCEPT,EXCEPTION,EXPECT,EXPECTANCY,EXPECTANT,EXPECTED,EXPECTING,EXPEL,EXPELLING,RESPECTING,UPSETTING,
ACCEPTOR,ACCEPTANT,ACCEPTER,
ACCESS,ACCESSED,AESTHETICS,ESSEX,EXCESS,EXCESSIVE,
ACCESSED,ACCEPT,ACCESS,AESTHETICS,ANESTHETIST,ASSESSED,ESTELLE,EXCESS,
ACCESSIBLE,ACCEPTABLE,ADDRESSABLE,ASSEMBLE,CELIBACY,IMPASSABLE,INJECTABLE,SUGGESTIBLE,TAXABLE,
ACCESSIBLY,
ACCESSION,ANNEXATION,DESECRATION,DESICCATION,EDUCATION,ESCALATION,ESTIMATION,EXCAVATION,EXPOSITION,SESSION,SUCCESSION,VEXATIOUS,
ACCESSORS,
ACCESSORY,
ACCIDENCE,ACRIDNESS,ADAPTEDNESS,ADJUSTIVE,AGEDNESS,EXTENDEDNESS,
ACCIDENT,ACCIDENTAL,ADJUTANT,ADOLESCENT,ANTAGONIST,ANTECEDENT,ANTIGEN,ANTIOXIDANT,ARACHNID,BUNDESTAG,ENTOMOLOGIST,EXIGENT,EXODUS,EXTENDED,IDLENESS,INCIDENT,INDULGENT,INTELLIGENT,NEGLIGENCE,NEGLIGENT,OCCIDENT,OCCIDENTAL,OXIDANT,OXYGEN,OXYGENATE,SUDDENNESS,
ACCIDENTAL,ACCENTED,ACCIDENT,ADAPTABILITY,ADJUTANT,ADOLESCENCE,ADOLESCENT,AGILITY,CONTINENTAL,DAEDALUS,DIGITALIS,ENCAPSULATE,ENTOMOLOGIST,FIDELITY,IDENTITY,IDLENESS,ILLUSTRATED,INCIDENTAL,INSULATED,INTELLECT,INTERESTED,INTOXICATED,OCCIDENT,OCCIDENTAL,OXIDANT,PEDESTAL,REGIMENTAL,SCANDALOUS,SELECTED,TALENTED,
ACCLAIM,
ACCLAIMER,
ACCLAMATION,ACCLIMATION,ANIMATION,APPELLATION,ASSIMILATION,EMANATION,ESTIMATION,IMITATION,IMMOLATION,RECLAMATION,
ACCLIMATE,EPIGRAMMATIC,IMMOLATE,
ACCLIMATION,ACCLAMATION,ANIMATION,APPELLATION,ASSIMILATION,EMANATION,ESTIMATION,IMITATION,IMMOLATION,RECLAMATION,
ACCLIMATISE,ACCLIMATIZE,ACCLIMATIZED,ACCLIMATIZES,APPOSITENESS,ATOMIZE,
ACCLIMATIZE,ACCLIMATISE,ACCLIMATIZED,ACCLIMATIZES,ATOMIZE,AUTOMATIZE,EXCITABILITY,ITALICIZE,
ACCLIMATIZED,ACCLIMATISE,ACCLIMATIZE,ACCLIMATIZES,ITALICIZED,
ACCLIMATIZES,ACCLIMATISE,ACCLIMATIZE,ACCLIMATIZED,ANATHEMATIZE,ARITHMETIZE,ATOMIZE,DECIDABILITY,ITALICIZE,OXIDIZES,PARASITISM,
ACCLIVITY,AVIDITY,COLLECTIVITY,DECLIVITY,QADDAFI,
ACCOLADE,ACOLYTE,
ACCOMMODATE,ACCOMMODATED,COMMUTATE,COMPENSATED,CONTAMINATED,DILAPIDATE,EDUCATED,PROPAGATED,
ACCOMMODATED,ABDICATE,ACCOMMODATE,ADAPTABILITY,AGERATUM,AGGREGATED,AGITATE,AGITATED,ANACONDA,ANTICIPATED,APOLOGETIC,ATTAINABLE,ATTESTED,CADET,CALIBRATED,CITADEL,COMMODITY,COMMUTATE,COMPENSATED,COMPETITIVE,COMPLICATED,CONSECRATED,CONSOLIDATED,CONSUMMATED,CONTAGION,CONTAMINATED,CONTESTED,CREDITED,DEBILITATE,DEDICATED,DEDUCTIBLE,DETECTABLE,DETECTED,DETONATED,DILAPIDATE,DOMESTICATED,EDITED,EDUCATE,EDUCATED,ETYMOLOGICAL,GUTTED,INHABITED,INTOXICATED,IRRITATED,LEGITIMATE,LIMITED,LITIGATOR,MEDITATE,MEDITATIVE,MITIGATE,MITIGATED,NEGATIVE,NEGATIVITY,NEPOTISM,PEDAGOGICAL,PROPAGATED,RATED,SEDATIVE,UNLIMITED,UNMITIGATED,VEGETATIVE,
ACCOMPANIED,ACCOMPANIST,ACCOMPANY,ACCUSTOMED,COPERNICAN,UNCOUPLE,
ACCOMPANIER,
ACCOMPANIST,ACCOMPANIED,ACCOMPANY,ACCUSTOM,ACCUSTOMED,APPROXIMATE,COMBUSTION,COPERNICUS,CUSTOM,ESTIMATE,INTIMATE,MUSKET,PUTNAM,STOMACH,SUPPLICANT,ULTIMATE,UNCOUPLE,
ACCOMPANY,ACCOMPANIED,ACCOMPANIST,ACCUSTOMED,COMPANY,UNCOUPLE,
ACCOMPLICE,
ACCOMPLISH,ACCOMPLISHED,
ACCOMPLISHED,ACCOMPLISH,
ACCOMPLISHER,
ACCORD,
ACCORDANCE,RECORDED,
ACCORDANT,CONCORDANCE,CONCORDANT,
ACCORDER,
ACCORDING,
ACCORDION,
ACCORDIONIST,
ACCOST,ACOSTA,
ACCOUNT,ACCOUNTANT,ACCOUNTED,ACCOUNTING,
ACCOUNTABLE,APPLICABLE,COMPOUNDED,COUNTABLE,CULPABLE,ERADICABLE,IMPLACABLE,LIKABLE,PRACTICABLE,UNTOUCHABLE,
ACCOUNTABLY,COUNTABLY,
ACCOUNTANCY,ACCOUNTANT,ACCOUNTING,OUTDISTANCE,
ACCOUNTANT,ACCOUNT,ACCOUNTANCY,ACCOUNTED,ACCOUNTING,COUNTESS,
ACCOUNTED,ACCOUNT,ACCOUNTANT,ACCOUNTING,COUNTED,IDENTICAL,INDICATIVE,
ACCOUNTING,ACCOUNT,ACCOUNTANCY,ACCOUNTANT,ACCOUNTED,
ACCOUTER,
ACCOUTREMENT,
ACCRA,
ACCREDIT,ACCREDITED,ACQUITTED,AUDITED,AUTOCRATIC,DESECRATE,GRADATE,IDENTICAL,REGRETTED,
ACCREDITED,ABATED,ACCREDIT,ACQUITTED,ACTIVATED,ADDITIVE,AIDED,ALLOCATED,ANNOTATED,ATTESTED,AUDIT,AUDITED,AUTOCRATIC,BATED,BELATED,COMMITTED,CONNECTED,DATED,DEFLECTED,DEGRADE,DEGRADED,DEJECTED,DILAPIDATE,DISRUPTED,EDUCATED,ENCRYPTED,FRETTED,GRADATE,GUTTED,IDENTICAL,INDEBTED,INDICATIVE,INHERITED,INHIBITED,JACKETED,JETTED,KATYDID,KIDDED,LEADED,LEGIT,LIQUIDATE,LIQUIDATOR,LITIGATE,MERITED,MITIGATED,NEGATED,OEDIPUS,OPINIONATED,OUTDATED,PREDATE,PREDICT,PREDICTED,PREDICTIVE,PROPAGATED,PUTTED,RANCIDITY,REGRETTED,RIGIDITY,SEDATE,TAINTED,UNABATED,UNCRITICAL,UNDATED,UNINHIBITED,UNMITIGATED,VENTILATED,VETTED,WRETCHED,
ACCRETION,AGGRESSION,ATTRITION,OPPRESSION,SECRETION,
ACCRUAL,
ACCRUE,
ACCULTURATE,ACROSTIC,CATECHIST,CORRELATIVE,CYTOTOXIC,DECAPITATOR,EDUCABILITY,EDUCATIVE,EGOTISTIC,ESOTERICA,ESOTERICALLY,EXECUTRICES,INTERCALATE,LIKABILITY,MERITOCRATS,METACARPUS,METRICATE,NIKOLETTA,OCCULTER,PERISTALTIC,RETROROCKET,RUSTICATE,THYROTOXIC,VERSATEC,VERSICLE,
ACCUMULATE,ACCUMULATIVE,ACCUMULATOR,
ACCUMULATION,
ACCUMULATIVE,ACCUMULATE,ACCUMULATOR,REGULATIVE,
ACCUMULATOR,ACCUMULATE,ACCUMULATIVE,
ACCURACY,
ACCURATE,
ACCURATENESS,
ACCURSED,
ACCURSEDNESS,CICATRICE,CUSSEDNESS,DECOROUSNESS,IRIDESCENCE,
ACCUSAL,
ACCUSATION,ABROGATION,ACQUISITION,ADULATION,AGGRAVATION,AGGREGATION,ASSIMILATION,EDUCATIONAL,EQUALIZATION,ERUDITION,IMPOSITION,INOCULATION,INQUISITION,IONIZATION,IRRIGATION,ISOLATION,OPPOSITION,OXIDATION,REQUISITION,
ACCUSATIVE,FUGITIVE,PEJORATIVE,
ACCUSATORY,
ACCUSE,
ACCUSED,
ACCUSER,
ACCUSING,
ACCUSTOM,ACCOMPANIST,ACCUSTOMED,COPERNICAN,COPERNICUS,CUSTOM,ETIQUETTE,SUCCUMB,
ACCUSTOMED,ABACUS,ACCOMPANIED,ACCOMPANIST,ACCOMPANY,ACCUSTOM,CAPACITANCE,COPERNICUS,CUSTOM,ETIQUETTE,SUCCUMB,SUPPLICANT,TECUMSEH,
ACERBATE,
ACERBIC,
ACERBICALLY,
ACERBITY,
ACETATE,ACETIC,ACETYLENE,ACIDITY,AGITATE,AGITATED,AGITATOR,ALLOCATED,ANESTHETIC,ANISETTE,ANNOTATE,ANNOTATED,ANNOTATOR,ANTICIPATE,ANTICIPATED,ANTISEPTIC,ANTITHETICAL,APATHETIC,APOLOGETIC,APPENDICITIS,ASCETIC,ASSASSINATE,ASSET,ATTACH,ATTENUATED,ATTEST,ATTESTED,AUTOCRATIC,CASSETTE,COSETTE,DATASET,DELICATESSEN,DESICCATE,DETONATED,DISSIPATE,EDUCATE,EDUCATED,ELASTICITY,EMPATHETIC,ENCEPHALITIS,EPIGENETIC,EPISODIC,ESOTERIC,ESTATE,FACILITATE,FACILITATOR,FASCINATE,FELICITATE,HESITATE,IMITATE,INSECTICIDE,INSULATED,INTOXICATED,IRRITATED,IRRITATING,ISOLATE,ISOTONIC,ISOTOPIC,ITALIANATE,JETTISON,KITCHENETTE,LATINATE,LETTUCE,METASTASIS,NECESSITATE,NECESSITY,OSCILLATE,OUTSET,PALPITATE,PARASITIC,PARTICIPATE,PATHETIC,PERIPATETIC,PESETA,PESTICIDE,RATCHET,RESUSCITATE,RETICENT,TETANUS,VEGETATE,
ACETIC,ACETATE,ACIDIC,AESTHETIC,AESTHETICS,AGITATE,ANESTHETIC,ANISETTE,ANNOTATE,ANTICIPATE,ANTICIPATED,ANTISEPTIC,ANTITHETICAL,APATHETIC,APOLOGETIC,ARITHMETIC,ASCETIC,ASSASSINATE,ATHLETIC,ATHLETICS,ATTESTED,ATTIC,AUTHENTIC,AUTOMATIC,BESETTING,DATASET,DESICCATE,DISSIPATE,EDUCATE,EDUCATED,EMPATHETIC,ENERGETIC,EPIGENETIC,ESOTERIC,ESTATE,ESTHETICALLY,FACILITATE,FELICITATE,GENETIC,HESITATING,IRRITATING,ISOTONIC,JETTISON,KINESTHETIC,KINETIC,KITCHENETTE,NECESSITATE,PARASITIC,PATHETIC,PERIPATETIC,PESSIMISTIC,PHONETIC,POLYTECHNIC,PROPHETIC,REPLICATE,RESUSCITATE,RETICENCE,RETICENT,ROSETTE,SETTING,SYMPATHETIC,SYNTHETIC,
ACETONE,ACIDOSIS,ATONE,ISOTONIC,ISOTOPE,NOTICE,
ACETONIC,
ACETYLENE,ACETATE,ALASTAIR,ALISA,ANALYTICITY,ANISETTE,ANTITHETICAL,APPALACHIAN,ATTEST,ATTESTED,CAROTENE,DATASET,DECILITER,DELICATESSEN,DESOLATE,ELASTICITY,ELISA,ENCEPHALITIS,ESOTERIC,ETHYLENE,FACILITATE,FACILITATOR,FETTUCCINE,GUILLOTINE,INSULATED,LETTUCE,NECESSARILY,NECESSITATE,NECESSITY,NESTLE,NETTLE,NETTLESOME,PENNILESS,PRENATAL,RESETTLE,ROCHELLA,SETTLE,SETTLING,STATUTORILY,TESTILY,UNSETTLED,UNSETTLING,
ACEVEDO,
ACHAEAN,EOCENE,IDIOCY,
ACHEBE,
ACHED,ACHES,
ACHENE,EACHELLE,EZECHIEL,EZIECHIELE,ITCHINESS,NICENE,TOUCHINESS,
ACHERNAR,AMOROUSNESS,APHORISTIC,ARIDNESS,BASSETERRE,CHERLYN,CIRRHOTIC,DECIMETER,DESIDERATUM,DOSIMETER,ENRICHETTA,ERICHA,ERIDANUS,ERNESTUS,ICOSAHEDRON,ISADORA,ISIDORA,LITERALNESS,NATURALNESS,OROTUND,RUSSETTING,RUTTGER,SACERDOTAL,STERTOROUS,TERNARY,TERPSICHORE,TERSINA,TUSCARORA,TYRANNOSAUR,
ACHES,ACHED,
ACHESON,ACIDOSIS,ANTITHESIS,ARMISTICE,ASCENSION,ASSASSIN,ASSASSINATE,ASSIDUOUS,CASSATT,CLASSICIST,DIOCESAN,ESSEN,GENESIS,GENETICIST,INNOCENCE,INNOCENT,ISOTONIC,LASSEN,LECITHIN,MADISON,MEDICINE,MUSCLE,MUSSEL,NECESSITY,SOLICITOUS,SYNTHESIS,TUSSLE,VENISON,
ACHIEVABLE,ADJUSTABLE,ADMISSIBLE,AFFABLE,AVAILABLE,AVOIDABLE,BELIEVABLE,CONCEIVABLE,EATABLE,ELIGIBLE,FEASIBLE,ILLEGIBLE,IMPEACHABLE,INEFFABLE,INEVITABLE,INVISIBLE,LIVABLE,PEACEABLE,REACHABLE,RECEIVABLE,SALVAGEABLE,TEACHABLE,VISIBLE,
ACHIEVE,ACHIEVED,EVITA,FETUS,
ACHIEVED,ACHIEVE,RECEIVED,
ACHIEVEMENT,APPEASEMENT,
ACHIEVER,CHEEVER,RECEIVER,
ACHILLES,
ACHING,AIKEN,MAKING,TAKING,
ACHOO,
ACHROMATIC,CHROMATIC,
ACIDIC,ACETIC,ADDISON,ASCETIC,ASTIGMATISM,DECIDED,DIGITALIS,DISAPPOINTED,DISRUPTED,DISSIDENT,EDISON,EDITH,EDUCATED,EDYTH,EPIGENETIC,IDYLLIC,INDIGENOUS,LITIGATE,LITIGIOUS,LOGISTIC,RESUSCITATE,SOLICITED,UNDECIDED,UNMITIGATED,
ACIDIFY,AFFIDAVIT,ATAVISM,ATAVISTIC,CIVILITY,DETOXIFY,DISSATISFY,EDIFY,EMPHASIS,GASIFY,IDENTIFY,JUSTIFIED,JUSTIFY,MISIDENTIFY,MYSTIFY,NATIVITY,OSSIFY,PACIFY,PASSIVITY,RATIFY,SATISFY,SOLIDIFY,SPECIFICITY,VICINITY,
ACIDITY,ABILITY,ACETATE,ADAPTABILITY,ADDISON,ADEQUACY,ADIDAS,ADJUSTED,ADJUTANT,AGERATUM,AGILITY,AGITATE,AGITATED,AGITATOR,ALKALINITY,ANALYTICITY,ANITA,ANTICIPATED,APOGEE,ASSISTED,ATROCITY,ATTENDEE,ATTESTED,ATTILA,AUDACITY,AUTHENTICITY,AUTHORITY,CANDIDACY,CICILY,CINCINNATI,CITADEL,CONCEITED,CRITICALITY,CUSTODY,DEBILITY,DELETED,DETONATED,DIGIT,DIGITAL,DIGITALIS,DIGITIZE,DISGUSTED,DISSATISFY,DISSIDENCE,DISSIDENT,DOCILITY,DUCHY,DUCTILITY,ECCENTRICITY,EDISON,EDITED,EGYPTOLOGY,ELASTICITY,ELECTRICITY,ENTITY,ETYMOLOGY,FEASIBILITY,FELICITOUS,FELICITY,FETTUCCINE,FIDELITY,FRAGILITY,HUTCHISON,IDENTITY,ILLUSTRATED,INDIGENOUS,INGENUITY,INSULATED,INTERESTED,IRRITATED,JACINTA,KNITTED,LATENCY,LEGIBILITY,LEGITIMACY,LEGITIMATE,LIQUIDITY,LITANY,LITIGIOUS,LITTLETON,MATURITY,METASTASIS,MODALITY,NATIVITY,NECESSITY,NEGATIVITY,ODDITY,ODYSSEY,OPACITY,PASSIVITY,PESETA,POLYGYNOUS,POSSIBILITY,PRODIGIOUS,PUBLICITY,RAPIDITY,RELATIVITY,RIGIDITY,RUTTED,SALINITY,SEDATIVE,SENILITY,SIMPLICITY,SINCERITY,SOLICITED,SOLIDITY,SUBSIDY,SUBTLETY,TENACITY,TIMIDITY,TOUCHY,TOXICITY,VERSATILITY,VICINITY,
ACIDNESS,ACIDULOUS,ADJACENCY,AGEDNESS,ALISANDER,ANDONIS,ANTISEPSES,ANTISEPSIS,APPOSITENESS,ARENACEOUS,ARIDNESS,ASCETICISM,ASPHODEL,ASPIDISKE,ASSONANCE,ASSONANT,CUSSEDNESS,CYTOLYSIS,DECIDEDNESS,DETACHEDNESS,ENDLESSNESS,ESCHATOLOGY,EZECHIEL,FACILENESS,FUNGICIDAL,ICINESS,ILLICITNESS,ITHACAN,LACHESIS,MAZEDNESS,NATURALNESS,PLACIDNESS,SINUSITIS,TACITNESS,TACITUS,THADDUS,
ACIDOSES,ANALOGICAL,ASCETICISM,ASPIDISKE,ESCHATOLOGY,ETHNOLOGICAL,ETHOLOGICAL,EZECHIEL,SOLECISM,
ACIDOSIS,ACETONE,ACHESON,AMBASSADRESS,ANTITHESIS,ASSASSIN,ASSASSINATE,ASSIDUOUS,DOSAGE,GENETICIST,ISOTONIC,RIGHTEOUS,SOLICITOUS,SYNTHESIS,THESAURUS,
ACIDULOUS,ABYSSAL,ACIDNESS,ADJACENCY,AESCHYLUS,AGEDNESS,AGELESSNESS,ALISUN,ANALOGICAL,APOLOGIZER,ASCETICISM,ASPHODEL,ASPIDISKE,BASILISK,CECILLA,CHINLESS,CYRILLUS,CYTOLOGIST,CYTOLYSIS,DELUSIVENESS,DESOLATENESS,DIGITALIZES,DISSES,EALASAID,ELYSSA,ERYSIPELAS,ESCHATOLOGY,ETHNOLOGICAL,ETHOLOGICAL,ETIOLOGICAL,EXEGESIS,EZECHIEL,GEMOLOGICAL,GIZELA,HOROLOGICAL,IDOLATRESS,ILLICITNESS,ILYSA,ILYSSA,INVIGILATE,ISABELITA,ISPELL,LACHESIS,LISSAJOUS,LITTLENESS,MYCHAL,NASALITY,NECESSITOUS,NICHOLLE,ODALISQUE,REASONLESS,REGICIDE,RHAPSODICAL,SACERDOTAL,SAGACIOUS,SALACITY,SEDULOUS,SILICEOUS,SILICIDE,SINLESS,SINLESSNESS,SISILE,SOLECISM,SULLENNESS,SYLLABICITY,SYLLOGISM,SYLLOGISTIC,TELEKINESES,TYPOLOGICAL,UMBILICUS,UROLOGICAL,VALIDNESSES,VASSALAGE,VESICULATE,VIDELICET,VISCUS,ZEALOUSNESS,
ACING,
ACKERMAN,
ACKNOWLEDGE,ACKNOWLEDGED,
ACKNOWLEDGED,ACKNOWLEDGE,
ACKNOWLEDGER,
ACOLYTE,ACCOLADE,ALIGHT,ALIKE,CAPITALIZE,CATALYZE,ITALIC,POLITE,SATELLITE,
ACONCAGUA,
ACONITE,ANISEIKONIC,CATECHIZE,
ACOSTA,ACCOST,
ACOUSTIC,ACOUSTICAL,ACOUSTICS,
ACOUSTICAL,ACOUSTIC,ACOUSTICS,EGOTISTICAL,
ACOUSTICIAN,
ACOUSTICS,ACOUSTIC,ACOUSTICAL,
ACQUAINT,ACQUAINTANCE,
ACQUAINTANCE,ACQUAINT,ACQUAINTED,ANTIQUATE,
ACQUAINTED,ACQUAINTANCE,ACQUITTED,ANTIQUATE,
ACQUIESCE,ACQUIESCENCE,
ACQUIESCENCE,ACQUIESCE,
ACQUIESCENT,
ACQUIRABLE,UNWEARABLE,
ACQUIRE,
ACQUIREMENT,
ACQUISITION,ACCUSATION,ADULATION,EQUALIZATION,INQUISITION,OPPOSITION,REQUISITION,
ACQUISITIVE,ADEQUACY,INQUISITIVE,QUIZZICAL,
ACQUIT,ACQUITTAL,ACQUITTED,ACQUITTING,ANTIQUATE,
ACQUITTAL,ACQUIT,ANTIQUATE,WHITTLE,
ACQUITTANCE,QUITTANCE,
ACQUITTED,ACCREDIT,ACCREDITED,ACQUAINTED,ACQUIT,ACQUITTING,AQUATIC,AUDITED,LIQUIDATE,LIQUIDITY,MITIGATED,UNMITIGATED,WEIGHTED,WHETTED,WITTED,
ACQUITTER,ATWITTER,
ACQUITTING,ACQUIT,ACQUITTED,AQUATIC,AQUITAINE,INIQUITY,OUTWITTING,QUITTING,WITTING,
ACREAGE,ANCHORAGE,BARRICADE,ERADICATE,IRRIGATE,
ACRID,
ACRIDITY,ADDITIVITY,ARIDITY,DIGERATI,ERGODICITY,INSIPIDITY,INTREPIDITY,OROTUNDITY,TORRIDITY,
ACRIDNESS,ACCIDENCE,ARIDNESS,
ACRIMONIOUS,
ACRIMONY,IGNOMINY,
ACROBAT,ABACK,ACROBATIC,ACROBATICS,AEROBATIC,JACKRABBIT,
ACROBATIC,ACROBAT,ACROBATICS,AEROBATIC,ANTAGONISTIC,ARCHETYPE,AROMATIC,ATTIC,CAPEK,CAPITALISTIC,CATALYTIC,ENCYCLOPEDIC,EPIGENETIC,EPIGRAMMATIC,HEPATIC,PATRICK,PRAGMATIC,TACTIC,
ACROBATICS,ACROBAT,ACROBATIC,AEROBATIC,AGGREGATES,ECSTATIC,TACTIC,
ACRONYM,
ACROPHOBIA,ANGLOPHOBIA,ERGOPHOBIA,
ACROPOLIS,APALACHICOLA,CALAMITOUS,METROPOLIS,NECROPOLIS,OCCIPITAL,TOPOLOGICAL,
ACROSS,LACROSSE,
ACROSTIC,ACCULTURATE,APHORISTIC,CATECHIST,CICATRICE,EGOTISTIC,EXECUTRICES,EXECUTRIX,OCCULTER,UTRECHT,
ACRUX,
ACRYLATE,
ACRYLIC,
ACTAEON,
ACTING,ACCEPTING,EXACTING,
ACTINIC,ATAXIC,SYNTACTIC,
ACTINIDE,BENIGHTED,DIDACTIC,ENACT,EXPEDITE,INACTIVE,INDICT,INDITE,NIGHTINGALE,
ACTINIUM,
ACTINOMETER,MANOMETER,NOMINATOR,
ACTION,AUCTION,INACTION,
ACTIONS,
ACTIVATE,ACTIVATED,ACTIVATOR,AFFECTED,AFFECTIVE,AFFIDAVIT,AGGRAVATE,ATAVISTIC,ELEVATE,ELEVATED,EXCAVATE,INNOVATE,INNOVATIVE,
ACTIVATED,ACCENTED,ACCEPTED,ACCREDITED,ACTIVATE,ACTIVE,ACTIVIST,ACTIVITIES,ACTIVITY,ADAPTIVE,ADDICTIVE,ADDITIVE,ADJECTIVE,ATAVISTIC,ATTENTIVE,ATTRACTIVE,AUDITED,CAPTIVATE,CONNECTIVITY,CULTIVATED,DECEPTIVE,DEFECTIVE,DEFINITIVE,DEFLECTED,DEJECTED,DETECTIVE,DISCONNECTED,DISTINCTIVE,ELEVATED,FETED,FIDEL,FIDGET,GRAVITATE,IMITATIVE,INACTIVE,INFECTED,INNOVATIVE,LEVITATE,NATIVE,OBJECTIVITY,OUTDATED,OUTFITTED,PREDICTIVE,REPETITIVE,RETROFITTED,SENSITIVITY,SIFTED,UNDATED,UNMITIGATED,VATTED,VEGETATIVE,VENTILATED,VESTIGE,VETTED,VINDICTIVE,VINTAGE,VISITED,
ACTIVATION,AFFECTATION,AGGRAVATION,AVOCATION,DEFINITION,DERIVATION,DEVASTATION,DIVINATION,EDIFICATION,ELEVATION,EVICTION,EXCAVATION,EXHIBITION,INNOVATION,OBFUSCATION,OFFICIAL,OFFICIALDOM,OXIDATION,RENOVATION,UNOFFICIAL,VACCINATION,
ACTIVATOR,ACTIVATE,ELEVATOR,EXCAVATOR,INNOVATOR,
ACTIVE,ACTIVATED,ACTIVELY,ACTIVES,ACTIVIST,ACTIVITIES,ACTIVITY,ADJECTIVE,ATTRACTIVE,INACTIVE,OCTAVE,
ACTIVELY,ACTIVE,ACTIVES,ACTIVITY,
ACTIVENESS,ADAPTIVENESS,ELECTIVENESS,
ACTIVES,ACTIVE,ACTIVELY,
ACTIVISM,ACTIVIST,ACTIVITIES,ADJECTIVE,ATAVISM,COLLECTIVISM,EVANGELISM,INDIVISIBLE,NEGATIVISM,POSITIVISM,RECIDIVISM,RECIDIVIST,RELATIVISM,
ACTIVIST,ACTIVATED,ACTIVE,ACTIVISM,ACTIVITIES,ACTIVITY,ADJECTIVE,ASTROPHYSICS,CAPTIVATE,CIVICS,COLLECTIVIST,OCTAVE,EVICT,
ACTIVITIES,ACTIVATED,ACTIVE,ACTIVISM,ACTIVIST,ACTIVITY,ADAPTIVE,ADDICTIVE,ADDITIVE,ADHESIVE,ADJECTIVE,ATAVISTIC,ATTRACTIVE,CONNECTIVITY,DEFEATISM,DEFEATIST,DISTINCTIVE,INACTIVE,OBJECTIVITY,OCTAVE,RECEPTIVITY,REFLEXIVITY,SENSITIVITY,VINDICTIVE,
ACTIVITY,ACTIVATED,ACTIVE,ACTIVELY,ACTIVIST,ACTIVITIES,ADDICTIVE,ADDITIVE,ADJECTIVE,ATTRACTIVE,CAPTIVATE,CAPTIVITY,CONNECTIVITY,EFFIGY,INACTIVE,LEVITY,OBJECTIVITY,RECEPTIVITY,REFLEXIVITY,SENSITIVITY,VINDICTIVE,
ACTON,ATKINSON,CAXTON,
ACTOR,
ACTRESS,
ACTUAL,
ACTUALITY,
ACTUALIZE,
ACTUALIZES,
ACTUARIAL,
ACTUARY,
ACTUATE,ACCENTUATE,
ACTUATION,ACCENTUATION,EFFECTUATION,EXTENUATION,
ACTUATOR,
ACUITY,
ACUMEN,
ACUPRESSURE,
ACUPUNCTURE,
ACUTE,
ACUTENESS,
ACYCLIC,ACYCLICALLY,
ACYCLICALLY,ACYCLIC,ASCETICALLY,ASEPTICALLY,CLIMATICALLY,CRYPTICALLY,ECLECTICALLY,ELASTICALLY,ELLIPTICITY,EPICYCLIC,EPICYCLICAL,ESOTERICALLY,EXOTICALLY,KILOCYCLE,PICCALILLI,RUSTICALLY,
ACYCLOVIR,
ADAGE,ADIDAS,ADJUDGE,AGILE,AGITATED,ANTIGEN,EDIT,EDITED,PADDED,
ADAGIO,
ADAIR,ADDENDUM,ADELAIDE,ADELE,ADELLE,REDDEN,SHREDDED,
ADALINE,ADELIND,ALANINE,ANALISE,ANALLISE,ANALOGIZE,ANNALISE,ANNELISE,ANODYNE,ELIDE,ELLADINE,ISODINE,JOLINE,NATALINE,UNIDEAL,URSULINE,
ADAMANT,ABANDONMENT,ELEMENT,IMPEDIMENT,REGIMENT,SEDIMENT,
ADAMO,
ADAMSON,ADMAN,ADMEN,DUTCHMAN,EDMONTON,
ADANA,ADELINA,ANNADIANA,ONIDA,
ADAPT,ADAPTED,ADAPTER,ADAPTING,ADAPTIVE,ADOPT,ADOPTED,ANABAPTIST,
ADAPTABILITY,ABILITY,ACCIDENTAL,ACCOMMODATED,ACIDITY,ADAPTABLE,ADAPTED,ADAPTING,ADAPTIVE,AGERATUM,AGILITY,AGITATED,AMENABILITY,ANABAPTIST,ANTIPODAL,APOGEE,APOLOGETIC,APOLOGIST,APOLOGY,APPALACHIAN,ATTAINABLE,ATTRIBUTABLE,AVAILABILITY,CALIBRATED,CAPABILITY,CAPITALIST,CHARITABLE,CHIPPENDALE,CITADEL,COLLAPSIBLE,CONSOLIDATED,CREDIBILITY,CRITICALITY,CULPABILITY,DEBILITATE,DEBILITY,DEDUCTIBLE,DELETED,DELIGHTED,DETECTABLE,DIGITAL,DIGITALIS,DILAPIDATE,DISREPUTABLE,DUCTILITY,EDITED,EGYPTOLOGY,ELIGIBILITY,ENTOMOLOGY,EPISTEMOLOGY,ETYMOLOGY,FEASIBILITY,FIDELITY,FLEXIBILITY,FRAGILITY,GULLIBILITY,HEMATOLOGY,HOSPITALITY,HUMIDITY,IDENTITY,INHABITED,INHIBITED,INSULATED,IRRITABLE,LEGIBILITY,LEGITIMATE,LIMITED,LIQUIDITY,MODALITY,OCCIPITAL,ODDITY,OEDIPAL,PADILLA,PALADIN,PALATABLE,PATTED,PEDESTAL,POLITY,POSSIBILITY,PREDICTABLE,PROBABILITY,RABBINATE,RAPIDITY,READABILITY,REBUTTAL,RELATIVITY,RHAPSODY,RIGIDITY,SABBATICAL,SOLIDARITY,SOLIDITY,SPEEDILY,STABILITY,STIMULATED,TALENTED,TIMIDITY,TOPOLOGY,TURBIDITY,UNIDIOMATIC,UNLIMITED,UNPALATABLE,UNTOUCHABLE,VALIDATED,VOLATILITY,
ADAPTABLE,ABANDON,ABBOT,ABBOTT,ABUTTED,ACCEPTABLE,ADAPTABILITY,ADJUSTABLE,ADMISSIBLE,ADOPTED,ADORABLE,ANNABELLE,ANTIPODAL,APPLICABLE,ATTAINABLE,AUDIBLE,AUDIBLES,BIDDABLE,CALIBRATED,CHARITABLE,COLLAPSIBLE,COMPATIBLE,CREDITABLE,DEBATABLE,DEBILITY,DEDUCTIBLE,DEPENDABLE,DETECTABLE,DIGESTIBLE,EATABLE,EDIBLE,ELECTABLE,ELIGIBLE,ERADICABLE,EXCITABLE,EXPENDABLE,HABITABLE,ILLEGIBLE,IMAGINABLE,IMITABLE,INDOMITABLE,INEDIBLE,INEVITABLE,INHABITED,INHERITABLE,INJECTABLE,IRRITABLE,LEGIBLE,OBTAINABLE,OEDIPAL,PALATABLE,PALPABLE,PROBABILITY,PUDDLE,READABLE,REDOUBLE,STUBBLE,SUGGESTIBLE,TANGIBLE,TAXABLE,TRACTABLE,UNPALATABLE,UNTOUCHABLE,VEGETABLE,
ADAPTATION,ACADEMICIAN,ADDITION,ADULATION,AGITATION,AMPUTATION,ANNOTATION,ANTICIPATION,DEDICATION,EDITION,EDUCATION,EDUCATIONAL,ERADICATION,EXHIBITION,EXPEDITION,EXPEDITIOUS,EXPOSITION,HABITATION,IMITATION,IMPUTATION,INDICATION,LITIGATION,MEDITATION,OBSESSION,OBSESSIONAL,OXIDATION,PALPITATION,REPETITION,SUBSTATION,VEGETATION,
ADAPTED,ABATED,ABETTED,ABSTRACTED,ACCEPTED,ADAPT,ADAPTABILITY,ADAPTING,ADAPTIVE,ADDICTIVE,ADDITIVE,ADELAIDE,ADMITTEDLY,ADOPTIVE,AGITATE,AROMATICITY,AUDITED,BATTED,DETACHED,DIDACTIC,EXPEDITE,OUTDATED,PADGET,PADGETT,UNIDIOMATIC,UNMITIGATED,
ADAPTEDNESS,ACCIDENCE,ADAPTIVENESS,ADAPTIVITY,AGEDNESS,ANDONIS,ATTENTIONAL,BACTERICIDAL,CANTABRIGIAN,CHITCHATTED,DECIDEDNESS,DESIDERATUM,DETACHEDNESS,ECHINODERM,FETIDNESS,IDEMPOTENT,LIMITEDNESS,OROTUNDITY,PACHYDERM,PAGINATE,PALLIDNESS,RABIDNESS,SIDEDNESS,STUDIEDNESS,TERATOGENIC,TOBACCONIST,UNADAPTED,
ADAPTER,ADAPT,ADAPTING,ADAPTIVE,ADOPTER,APTER,
ADAPTING,ADAPT,ADAPTABILITY,ADAPTED,ADAPTER,ADAPTIVE,ADMITTING,EXPANDED,
ADAPTION,
ADAPTIVE,ACTIVATED,ACTIVITIES,ADAPT,ADAPTABILITY,ADAPTED,ADAPTER,ADAPTING,ADDICTIVE,ADDITIVE,ADJECTIVE,ADOPTIVE,AROMATICITY,CAPTIVATE,CAPTIVITY,OBJECTIVITY,
ADAPTIVELY,ADAPTIVENESS,ADAPTIVITY,
ADAPTIVENESS,ACTIVENESS,ADAPTEDNESS,ADAPTIVELY,ADAPTIVITY,ADDITIVITY,PAGINATE,UNADAPTED,
ADAPTIVITY,ADAPTEDNESS,ADAPTIVELY,ADAPTIVENESS,ADDITIVITY,AVIDITY,CAPTIVATOR,COLLECTIVITY,DIRECTIVITY,DIVISIBILITY,FIDGETY,POSITIVITY,RETENTIVITY,UNADAPTED,VAPIDITY,
ADARA,ADHARA,ANNNORA,ANNORA,EIDER,ISADORA,ISIDORA,
ADDAMS,
ADDEND,ADDENDA,INDENTED,
ADDENDA,ADDEND,ADELAIDA,ADELLA,EDDA,ODETTA,
ADDENDUM,ABANDON,ABANDONMENT,ABUNDANCE,ABUNDANT,ADAIR,ADELE,ADELLE,AGENDA,AGITATED,ALMADEN,ANTIGEN,ANYBODY,ATTAINABLE,ATTENDANCE,ATTENDANT,ATTENDED,CANDIDATE,DESCENDED,EDIBLE,ENGINE,EXTENDED,IMAGINABLE,INEDIBLE,IRREDENTISM,OBTAINABLE,REDBUD,TENABLE,TENDED,TENDON,UNTENABLE,
ADDER,
ADDIA,
ADDICT,ADDICTIVE,AGGREGATED,AGGREGATES,BENEDICT,BENEDIKT,EDICT,SKIDDED,
ADDICTION,ADDITION,ADDITIONAL,BENEDICTION,DEDUCTION,DICTION,EDITION,EXPEDITION,EXTINCTION,OXIDATION,SEDUCTION,
ADDICTIVE,ACTIVATED,ACTIVITIES,ACTIVITY,ADAPTED,ADAPTIVE,ADDICT,ADDITIVE,ADJECTIVE,AGGREGATES,ATAVISTIC,DEFLECTED,DEPICTED,DESCRIPTIVE,DETECTIVE,DISTINCTIVE,EDICT,ELEVATED,FIXATIVE,MITIGATED,OUTFITTED,PREDICTIVE,SEDUCTIVE,UNMITIGATED,VEGETATIVE,VINDICTIVE,
ADDIE,DADDY,EADIE,EDDIE,EDDY,EDIE,EYDIE,
ADDISON,ACIDIC,ACIDITY,ADDITIVE,ADENA,ALISON,ALLISON,ALLYSON,ANACIN,ANISEED,ASTIGMATISM,ATKINSON,AUDACITY,DECIDED,DIGITALIS,DIGITIZE,EDGINESS,EDISON,EGYPTIAN,ELITISM,ELLISON,GENOCIDAL,GENOCIDE,IDEALISM,IMAGINATIVE,INDIGENOUS,IRREDENTISM,JETTISON,MEDICINAL,UNDECIDED,
ADDITION,ACADEMICIAN,ADAPTATION,ADDICTION,ADDITIONAL,ADULATION,AGITATION,ANNOTATION,ATTRITION,AUDITION,EDITION,EDUCATION,EDUCATIONAL,ERUDITION,HESITATION,IGNITION,INHIBITION,INTONATION,INUNDATION,ITERATION,LITIGATION,MAGICIAN,MEDITATION,ORDINATION,ORIGINATION,OXIDATION,POSITION,PREDATION,SEDATION,SEDITION,TRADITION,VEGETATION,
ADDITIONAL,ABOLITIONIST,ADDICTION,ADDITION,ADULATION,AGITATION,ANNOTATION,CANONIZATION,COLLISIONAL,CONDITIONAL,DILATATION,DISTILLATION,EDITION,EDUCATIONAL,ERUDITION,INTONATION,INUNDATION,ITERATION,MAGICIAN,NATIONAL,ORDINATION,ORIGINATION,OXIDATION,POLITICIAN,POLLINATION,PREDATION,RATIONAL,ROTATIONAL,SEDATION,SITUATIONAL,TRADITION,TRADITIONAL,UTILIZATION,VALIDATION,
ADDITIVE,ABATED,ACCREDITED,ACTIVATED,ACTIVITIES,ACTIVITY,ADAPTED,ADAPTIVE,ADDICTIVE,ADDISON,ADENA,ADJECTIVE,ADMITTEDLY,ADVANTAGE,AIDED,ALLOTTED,ANNOTATED,AUDITED,BATED,BATTED,BELATED,BENIGHTED,DATED,DECIDED,DEFLECTED,DEJECTED,DETECTIVE,DISRUPTED,DIVIDED,EDITH,EDYTH,ELEVATED,FETED,FIDGET,IDENTICAL,INDEBTED,INFIDEL,INHIBITED,JETTED,KATYDID,KIDDED,LITIGATE,MITIGATED,NATIVIDAD,NEGATED,OPINIONATED,OUTDATED,OUTFITTED,PADGET,PADGETT,PREDICTED,PREDICTIVE,RANCIDITY,RIGIDITY,SEDATE,TIDBIT,UNABATED,UNDATED,UNDECIDED,UNINHIBITED,UNMITIGATED,VATTED,VENTILATED,VETTED,VISITED,
ADDITIVITY,ACRIDITY,ADAPTIVENESS,ADAPTIVITY,ADUMBRATIVE,AFFABILITY,ANTEDATE,APERIODICITY,ARIDITY,AUDIBILITY,AVIDITY,DECIDABILITY,DECLIVITY,DICOTYLEDON,DIGERATI,DIPODY,DIRECTIVITY,DIVISIBILITY,ECHINODERM,EDIBILITY,EDITA,ERGODICITY,FIDGETY,FLACCIDITY,INSIPIDITY,INTREPIDITY,ODETTA,ORIGINATIVE,OROTUNDITY,POSITIVITY,RETENTIVITY,TEPIDITY,TURGIDITY,VAPIDITY,
ADDLE,ADELA,ADELAIDE,ADELINE,AGILE,EDEN,IDALINE,IDLE,IDLENESS,IDLER,IDOL,IDYLL,UDELL,
ADDRESS,ADDRESSEE,ADDRESSES,
ADDRESSABLE,ACCESSIBLE,EMBRACEABLE,ILLEGIBLE,LEGIBLE,OSTENSIBLE,REACHABLE,REGRETTABLE,SENSIBLE,SUGGESTIBLE,TRACEABLE,UNTRACEABLE,
ADDRESSED,ABREAST,UNREST,
ADDRESSEE,ADDRESS,ADDRESSES,DRESSY,
ADDRESSER,
ADDRESSES,ADDRESS,ADDRESSEE,ADHESIVE,AGASSIZ,AGGRESSIVE,ASSESSES,PRESAGE,TRESSES,
ADDUCE,
ADDUCER,
ADDUCT,ADEQUATE,AGATE,AGGREGATE,AQUEDUCT,EDIT,INDUCT,
ADDUCTION,AGATA,AKKAD,AUGUSTAN,AZTECAN,EDUCATIVE,EDUCTION,ERADICATOR,
ADDUCTOR,ANORECTIC,EDITA,ESCUTCHEON,
ADELA,ADDLE,ADELAIDE,ADELE,ADELLE,ADOLESCENCE,ADOLESCENT,ADULATE,ALEDA,ALIDA,ANNABELLA,DAEDALUS,DANELLA,ELEGY,FLAGELLA,LADLE,LEADEN,LEGIBILITY,MADELLA,MELODY,READILY,REGULATED,SADELLA,TALLADEGA,
ADELAIDA,ADDENDA,ADELINA,ADELLA,ADENOIDAL,ALYDA,ANABELLA,AUDIBILITY,BALLADEER,CEDILLA,DECIDABILITY,DICOTYLEDON,EDDA,EDIBILITY,EDITA,EDUCABILITY,ELLADINE,IDELL,IDELLE,IDOLATRESS,ODETTA,
ADELAIDE,ADAIR,ADAPTED,ADDLE,ADELA,ADELE,ADELINE,ADELLE,ADENOID,ADOLESCENCE,ADOLESCENT,ADULATE,AGILITY,ALADDIN,ALEDA,ALLEGE,ALLENDALE,ALLOTTED,ANNELID,CITADEL,DEGRADED,DELIGHTED,DILAPIDATE,EDELINE,ELATED,ELEVATED,ELIGIBILITY,IDALINE,IDETTE,IDLE,IDLENESS,IDOL,IDYLL,IDYLLIC,INDELIBLE,INSULATED,LADEN,LADLE,LEADEN,LIGHTHEADED,LYDON,PALADIN,REGULATED,RIDDLE,SALADIN,TALLADEGA,TELEDYNE,VALIDATE,VALIDATED,VALIDATES,
ADELBERT,DELBERT,ELBERT,INTERBRED,
ADELE,ADAIR,ADDENDUM,ADELA,ADELAIDE,ADELLE,ADULATE,ALEDA,ALMADEN,EDIT,ELATED,INEDIBLE,LADEN,LADLE,LEADEN,MADELLE,
ADELHEID,
ADELICE,ANALOGIZE,DESALINIZE,IDEALIZER,UNIDEAL,
ADELINA,ADANA,ADELAIDA,ADELLA,ADENOIDAL,AILINA,ALANAH,ALEXINA,ALLINA,AMELINA,ANABELLA,ANETTA,ANNADIANA,ANTONELLA,ATTENTIONAL,BELLADONNA,BENEDETTA,CELESTYNA,DALENNA,DENEBOLA,ELANA,ELENI,ELONORE,ERIDANUS,EVANGELINA,KELLINA,LEADENNESS,MADELINA,NATALINA,NINETTA,OLENOLIN,SELESTINA,
ADELIND,ADALINE,ALANINE,ANALISE,ANALLISE,ANALOGIZE,ANNALISE,ANNELISE,ELIDE,ELLADINE,NATALINE,
ADELINE,ADDLE,ADELAIDE,ALIGN,ALINE,ANALYZABLE,ANALYZE,EDELINE,ERNALINE,IDALINE,IDLE,IDOL,IDOLIZE,IDOLIZED,IDYLL,LEYDEN,MADELIN,MADELINE,NIGEL,SALADIN,TELEDYNE,
ADELLA,ADDENDA,ADELAIDA,ADELINA,ADENOIDAL,ALYDA,ANABELLA,ANTONELLA,EDDA,EDIBILITY,ODETTA,ZITELLA,
ADELLE,ADAIR,ADDENDUM,ADELA,ADELAIDE,ADELE,ADULATE,ALEDA,ALMADEN,EDIT,ELATED,INEDIBLE,LADEN,LADLE,LEADEN,MADELLE,
ADENA,ADDISON,ADDITIVE,ADENOID,ADINA,EDISON,
ADENAUER,ADENOID,ONEIDA,
ADENINE,ADINA,ANILINE,ANNEAL,EDEN,JANINE,JEANINE,NADINE,NEEDHAM,
ADENOID,ADELAIDE,ADENA,ADENAUER,ADJOIN,AGITATE,AGITATED,AROMATICITY,AUDIT,DUNEDIN,
ADENOIDAL,ADELAIDA,ADELINA,ADELLA,ASTEROIDAL,ATTENTIONAL,AUDIBILITY,EDIBILITY,ELLADINE,GONADAL,IDELL,IDELLE,INCARNADINE,TOROIDAL,
ADEPT,
ADEPTNESS,ABJECTNESS,
ADEQUACY,ACIDITY,ACQUISITIVE,ADEQUATE,ADJUTANT,AGERATUM,AGILITY,APOGEE,APOLOGY,ATROCITY,AUDACITY,EGYPTOLOGY,INADEQUATE,ODYSSEY,PETROLOGY,
ADEQUATE,ADDUCT,ADEQUACY,AGATE,AQUEDUCT,ATTRIBUTED,CREDITED,DUCKWEED,EDIT,EDITED,INADEQUATE,OUTWITTED,
ADEQUATENESS,EQUIDISTANT,IDOLATRESS,
ADHAM,
ADHARA,ABJURER,ADARA,
ADHERE,
ADHERENCE,ADHERENT,ARACHNID,INHERENT,INHERITANCE,
ADHERENT,ADHERENCE,ARACHNID,ARRANT,ERRANT,INHERENT,IRIDESCENT,
ADHERER,
ADHESION,ASIAN,
ADHESIVE,ACTIVITIES,ADDRESSES,DECEIVE,EFFIGY,REGIS,
ADHESIVENESS,ABRASIVENESS,DERISIVENESS,EVASIVENESS,INVISCID,ITCHINESS,PASSIVENESS,UNDECEIVE,
ADIABATIC,CYBERNETIC,DIPODIC,EDITABLE,EDUCABILITY,EDUCABLE,EDUCATIVE,INEDUCABLE,
ADIANA,ANNADIANA,
ADIDAS,ACIDITY,ADAGE,ADJUSTED,ADJUTANT,AEGIS,AGILITY,AGITATED,ALLEGIANCE,ANTIGEN,ANYBODY,BLOODIED,CEDED,DEEDED,DEJA,EDEN,EDIT,EDITED,EGYPTOLOGY,FAJITAS,HEEDED,LEGION,NADINE,NEEDED,NEEDLE,PREJUDGE,PRODIGIOUS,REGION,RIGID,SEEDED,STUDIED,
ADIEU,
ADINA,ADENA,ADENINE,ANITA,IDALINA,
ADIPOSE,
ADIRONDACK,
ADIÃ“S,
ADJACENCY,ACIDNESS,ACIDULOUS,AGEDNESS,AGENTIVE,ANASTASIE,ANTECEDENCE,ASCETICISM,ASPIDISTRA,CHASITY,ESCHATOLOGY,ESSENTIALIST,EZECHIEL,INTESTACY,IRIDESCENCE,IZANAGI,METASTASES,NIJINSKY,SAGACIOUS,
ADJACENT,ADJUTANT,ADOLESCENCE,ADOLESCENT,ADVANTAGEOUS,AGENCY,AGENT,ANTECEDENT,ASCENDANCY,ASCENDANT,ASCENT,ASSAILANT,ASSENT,ASSISTANT,ASSISTED,CONTAGION,CONTAGIOUS,DESCENDANT,DISSIDENT,EDISON,ENTOMOLOGIST,EVANESCENT,EXIGENCY,EXIGENT,EXISTENT,HAZELNUT,HESITANT,INCESSANT,INDIGENOUS,INDIGENT,INTELLIGENT,IRIDESCENT,IRREDENTISM,METHODISM,NASCENT,NECESSITATE,OUTRAGEOUS,POLYGYNOUS,PRECEDENT,PRESTIGIOUS,REGISTRANT,REPRESENTED,RESIDENT,RETICENT,SATANISM,SUGGEST,SUGGESTIVE,VIGILANTISM,
ADJECTIVAL,BIJECTIVE,EVENTIDE,
ADJECTIVE,ACCENTED,ACTIVATED,ACTIVE,ACTIVISM,ACTIVIST,ACTIVITIES,ACTIVITY,ADAPTIVE,ADDICTIVE,ADDITIVE,ADVANTAGE,AJAX,ATTRACTIVE,DEFLECTED,DEJECTED,DIGESTIVE,DISTINCTIVE,EDICT,EDITH,EDYTH,EXECUTIVE,FIDGET,MISGUIDED,OBJECTIVITY,PREDICTIVE,UNDECIDED,VESTIGE,VINDICTIVE,VISITED,
ADJOIN,ADENOID,ENJOIN,
ADJOINT,
ADJOURN,ALLERGEN,
ADJOURNMENT,EMERGENT,INSURGENT,URGENT,
ADJUDGE,ADAGE,ADJUST,ADJUSTABLE,ADJUSTED,ANTIGEN,DOES,DOZEN,DUDGEON,GUDGEON,GUZZLE,JUDD,JUDGE,
ADJUDICATE,EPIGENETIC,LUBRICATE,UNEDUCATED,
ADJUDICATION,EDUCATION,INDICATION,
ADJUDICATOR,ADJUDICATORY,
ADJUDICATORY,ADJUDICATOR,JUDICATORY,SALUTATORY,
ADJUNCT,
ADJURATION,ABJURATION,MELIORATION,OSCULATION,
ADJURE,ABJURE,ABJURER,
ADJUST,ADJUDGE,ADJUSTABLE,ADJUSTED,ADJUSTER,ADJUSTMENT,AEGIS,ANTIGEN,ENTOMOLOGIST,EXODUS,GUSTAVUS,JUDSON,JUST,JUSTICE,JUSTUS,METHODIST,OXYGEN,PATHOLOGIST,PREJUDICED,UROLOGIST,
ADJUSTABLE,ABUTTED,ACHIEVABLE,ADAPTABLE,ADJUDGE,ADJUST,ADJUSTED,ADJUSTER,ADMISSIBLE,ADVISABLE,ANTIGEN,BULBOUS,CORRIGIBLE,CREDITABLE,CUDGEL,DEBATABLE,DUDGEON,EDIBLE,ELIGIBLE,ENTOMOLOGIST,EXCHANGEABLE,GUDGEON,ILLEGIBLE,IMAGINABLE,INEDIBLE,INEVITABLE,IRRITABLE,LEGIBLE,MISCIBLE,NEGLIGIBLE,NOTICEABLE,OSTENSIBLE,PREJUDICED,PRESENTABLE,PUDDLE,PUZZLE,REACHABLE,STRATAGEM,STUBBLE,SUGGESTIBLE,SUSCEPTIBLE,SUSTAINABLE,TOUCHABLE,UNTOUCHABLE,
ADJUSTABLY,ADJUSTIVE,ADVISABLY,CYTOLOGIST,EULOGISTIC,FUSSBUDGET,PUDGINESS,SYLLOGISTIC,
ADJUSTED,ACIDITY,ADIDAS,ADJUDGE,ADJUST,ADJUSTABLE,ADJUSTER,ADVANTAGEOUS,AEGIS,AGITATE,AGITATED,ANTIGEN,ARTISAN,CITIZEN,DISGUSTED,ENTOMOLOGIST,EXODUS,FAJITAS,GUSTED,HALOGENATED,IDEOLOGIST,INDIGENOUS,JUDSON,LITIGIOUS,OXYGEN,OXYGENATE,PATHOLOGIST,PREJUDICED,PRESTIGIOUS,PRODIGIOUS,RIGID,SADDEST,SUFFRAGIST,SUGGESTION,SUSTAINABLE,
ADJUSTER,ADJUST,ADJUSTABLE,ADJUSTED,ANTIGEN,DUSTER,ENTOMOLOGIST,EXODUS,JUSTER,
ADJUSTIVE,ACCIDENCE,ADJUSTABLY,AGEDNESS,ARCHDUCHESS,ASPIDISKE,ASPIDISTRA,ASTROLOGIST,CRYPTOLOGIST,CYTOLOGIST,DIGESTIFS,DIVISIBILITY,ETHNOLOGIST,ETHOLOGIST,ETYMOLOGIST,EULOGIST,EULOGISTIC,FANTASIST,FUNGICIDAL,FUSSBUDGET,HISTOLOGIST,JUSTED,LISSAJOUS,METASTASES,POSITIVITY,PUDGINESS,SYLLOGISTIC,THERAVADA,VERTIGINOUS,
ADJUSTMENT,ADJUST,ASTRINGENT,ENTOMOLOGIST,INCIDENT,INTELLIGENT,JUDGMENT,MISJUDGMENT,PREJUDGMENT,PUNGENT,PUZZLEMENT,
ADJUTANT,ACCIDENT,ACCIDENTAL,ACIDITY,ADEQUACY,ADIDAS,ADJACENT,ADOLESCENCE,ADOLESCENT,ADONIS,AGENT,AGERATUM,AGILITY,AGITATE,AGITATED,ANTACID,ANTAGONIST,ANTECEDENT,ANTIGEN,ASCENDANT,ATTENDANCE,ATTENDANT,ATTENDED,CONSOLIDATED,CONSULTED,CONTAGIOUS,CONTENTED,CREDITED,DECADENT,DIGIT,DIGITAL,DIGITALIS,DISSIDENT,EDIT,EDITED,ENTOMOLOGIST,GADGET,IDENTITY,IDLENESS,IDOLATROUS,INCIDENT,INDIGENOUS,INDIGENT,INDUCTANCE,INSULATED,INTELLIGENT,IRIDESCENT,IRRITANT,MIDGET,OCCIDENTAL,OXIDANT,PUNDIT,SUDDENNESS,TALENTED,UNLIMITED,UNSUBTLE,UNTOUCHABLE,VANTAGE,
ADKINS,ATKINS,
ADLAI,
ADLER,
ADMAN,ADAMSON,ADMEN,EDMONTON,
ADMEN,ADAMSON,ADMAN,EDMONTON,
ADMINISTER,SINISTER,
ADMINISTRATE,ADVENTIST,ANTAGONISTIC,ARABILITY,DISTEND,ENGINEER,INCIDENTAL,INEPTNESS,INFILTRATE,INSEMINATE,INSISTING,INTEREST,INTERESTED,INTERESTING,INTESTINAL,INTIMIDATE,INTRASTATE,INTRINSIC,IRREDENTISM,LENINIST,PENITENT,RECRIMINATE,SANDINISTA,STINGINESS,UNINTENDED,
ADMIRABLE,HONORABLE,OPERABLE,
ADMIRABLY,
ADMIRAL,
ADMIRALTY,
ADMIRATION,ADORATION,
ADMIRE,ADMIRER,ADMIRING,
ADMIRER,ADMIRE,
ADMIRING,ADMIRE,INSPIRING,
ADMISSIBLE,ACHIEVABLE,ADAPTABLE,ADJUSTABLE,ADORABLE,ANTIPODAL,APPROACHABLE,ASSEMBLE,ATTAINABLE,AUDIBLE,CHANGEABLE,CORRIGIBLE,DEBATABLE,DEPENDABLE,DISPENSABLE,EATABLE,EDIBLE,ELIGIBLE,EMBRACEABLE,EXPENDABLE,FEASIBLE,ILLEGIBLE,IMAGINABLE,IMITABLE,IMPASSABLE,IMPEACHABLE,IMPOSSIBLE,IMPROBABLE,INDOMITABLE,INEDIBLE,INEVITABLE,INSENSIBLE,INTANGIBLE,INVISIBLE,IRRITABLE,LAMENTABLE,LEGIBLE,MISCIBLE,NEGLIGIBLE,OBTAINABLE,OMNIBUS,PEACEABLE,PRESENTABLE,REACHABLE,RUBBLE,SENSIBLE,SUGGESTIBLE,SYLLABUS,TANGIBLE,UNTOUCHABLE,VISIBLE,
ADMISSIBLY,IMPASSABLY,IMPASSIBLY,
ADMISSION,ADMONITION,AMBITION,AUDITION,DALMATIAN,IGNITION,IMPASSION,
ADMIT,ADMITTANCE,ADMITTED,
ADMITTANCE,ADMIT,ADMITTED,ATTENDANCE,INCIDENCE,INCIDENT,INDUCTANCE,INSIPID,INSULATED,OMNIPOTENCE,
ADMITTED,ABUTTED,ADMIT,ADMITTANCE,ADOPTED,AGITATED,ANTIPODAL,ATTAINABLE,ATTENDED,EDITED,EMITTED,INHABITED,IRRITATED,KNITTED,PAINTED,PITTED,SUBMITTED,
ADMITTEDLY,ADAPTED,ADDITIVE,ADMITTING,ANTIBODY,ANTIGONE,AUDITED,CANDIDA,CANDIDLY,GENTILITY,HEATEDLY,IDIOTICALLY,INDEBTED,INTENDED,INTIMIDATE,OPINIONATED,OUTDATED,RANCIDITY,SENSIBILITY,UNDATED,UNDECIDED,UNINHIBITED,UNMITIGATED,VALIDITY,VENTILATED,
ADMITTING,ADAPTING,ADMITTEDLY,ASTHMATIC,EMITTING,ENIGMATIC,UNREMITTING,
ADMIX,
ADMIXTURE,
ADMONISH,ADMONISHING,ADMONISHMENT,
ADMONISHER,
ADMONISHING,ADMONISH,
ADMONISHMENT,ADMONISH,
ADMONITION,ADMISSION,AMMUNITION,ANIMATION,ANNOTATION,AUDITION,CULMINATION,ELIMINATION,EMANATION,ENGLISHMEN,EXAMINATION,IMITATION,INTONATION,INUNDATION,
ADMONITORY,
ADOBE,
ADOLESCENCE,ACCIDENTAL,ADELA,ADELAIDE,ADJACENT,ADJUTANT,ADOLESCENT,ADULATE,AGERATUM,AGILE,AGILITY,ALASTAIR,ALLEGE,ALLEGIANCE,ANALOGY,ANALYTICITY,ANSEL,ANTECEDENT,ANTHROPOLOGY,APOLOGETIC,ASCENDANCY,ASSAILANT,ATTENDANCE,CONSOLIDATED,CREDULOUS,DAEDALUS,DIGITALIS,ECOLOGIST,ELEGY,ENTOMOLOGIST,ENTOMOLOGY,ESSENCE,ETYMOLOGY,EVANESCENCE,FLAGELLA,FLAGELLUM,FLATULENT,GELATINOUS,GENOCIDAL,GERONTOLOGY,IDLENESS,IDOLATROUS,ILLUSTRATED,INCIDENTAL,INSULARITY,INSULATE,INSULATED,INSULATOR,INSULIN,INTELLIGENT,INTENTIONAL,INTERESTED,IRIDESCENT,IRREDENTISM,JEALOUSNESS,LEGISLATIVE,MAGELLAN,NEGLIGENCE,NONETHELESS,POLYGYNOUS,PRECEDENCE,REDOLENT,RETICENCE,SADELLA,TALENTED,TELEGENIC,UNDULATE,UNSETTLED,UNSETTLING,
ADOLESCENT,ACCIDENT,ACCIDENTAL,ADELA,ADELAIDE,ADJACENT,ADJUTANT,ADOLESCENCE,ADULATE,AGENT,AGILE,AGILITY,ALLEGIANCE,ANALOGY,ANTACID,ANTAGONIST,ANTECEDENT,APOLOGETIC,ASCENDANCY,ASCENDANT,ASSAILANT,ATTENDANT,CREDULOUS,DAEDALUS,DECEDENT,DESOLATE,DIGITALIS,ELEGY,ENTOMOLOGIST,ENTOMOLOGY,ETYMOLOGY,FLATULENT,GELATINOUS,GENOCIDAL,GENTLENESS,GERONTOLOGY,HAZELNUT,IDLENESS,IDOLATROUS,ILLUSTRATED,IMAGINABLY,INCESSANT,INCIDENTAL,INDIGENOUS,INSULATE,INSULATED,INTELLIGENT,INTENTIONAL,INTERESTED,INTESTINAL,IRIDESCENT,IRREDENTISM,JEALOUSNESS,LEGEND,MAGELLAN,NEGLIGENT,OBSOLESCENT,OCCIDENTAL,OSCILLATE,POLYGYNOUS,REDOLENT,REGINALD,REPRESENTED,RESULTANT,RETICENT,SENTINEL,TALENTED,TELEGENIC,UNDULATE,UNSETTLED,UNSETTLING,VACILLATE,VIGILANTISM,
ADOLF,
ADOLFO,
ADOLPHE,RODOLPHE,
ADOLPHO,
ADOLPHUS,
ADONIS,ADJUTANT,ANTIGEN,DONIZETTI,GELATINOUS,NITROGENOUS,NODDED,ONTOGENY,
ADOPT,ADAPT,ADOPTED,ADOPTER,ADOPTIVE,ADOPTS,
ADOPTED,ADAPT,ADAPTABLE,ADMITTED,ADOPT,ADOPTER,ADOPTIVE,ADOPTS,DOTTED,EDITED,INHABITED,ODDITY,SPOTTED,
ADOPTER,ADAPTER,ADOPT,ADOPTED,ADOPTIVE,ADOPTS,
ADOPTION,
ADOPTIVE,ADAPTED,ADAPTIVE,ADOPT,ADOPTED,ADOPTER,ADOPTS,
ADOPTS,ADOPT,ADOPTED,ADOPTER,ADOPTIVE,
ADORA,ANDORRA,
ADORABLE,ADAPTABLE,ADMISSIBLE,ARABLE,ATTAINABLE,AUDIBLE,AUDIBLES,AVOIDABLE,CORRIGIBLE,DEBATABLE,DURABLE,EDIBLE,ELIGIBLE,ERODIBLE,INEDIBLE,OBTAINABLE,RUBBLE,TERRIBLE,
ADORABLENESS,ADORABLY,AUDIBILITY,CORRODIBLE,DIRIGIBLE,DURABLENESS,EDIBLENESS,ELIZABET,ENDURABLE,LOADABLE,NOTABLENESS,UNENDURABLE,UNMISSABLE,
ADORABLY,ADORABLENESS,DURABLY,ENDURABLY,
ADORATION,ABERRATION,ABERRATIONAL,ADMIRATION,ELABORATION,EXAGGERATION,FEDERATION,MODERATION,
ADORE,ADORN,
ADOREE,
ADORER,
ADORING,
ADORN,ADORE,ADORNED,
ADORNE,EIDER,
ADORNED,ADORN,
ADORNMENT,ENDORSEMENT,
ADREA,ADRIA,
ADRENAL,ADRENALIN,ADRENALINE,ANILINE,RENAL,
ADRENALIN,ADRENAL,ADRENALINE,ALAIN,ALAINE,ALANE,ALAYNE,DANELL,ELDEN,ENGINEER,ENLIGHTENING,GWENDOLYN,ILLUSTRATED,INORDINATE,INTESTINAL,LINDEN,LINDON,LINNELL,LYNDON,MADALENA,MADELIN,MADELINE,ORDINARILY,
ADRENALINE,ADRENAL,ADRENALIN,CLARENDON,DANELLA,ELLEN,LANOLIN,LONDON,MADLEN,MARILYN,MELANIN,ORDINARILY,REDOLENT,REGINALD,RETINAL,REYNOLD,SENTINEL,TUNNEL,
ADRIA,ADREA,
ADRIAN,ADRIANA,ALGERIAN,
ADRIANA,ADRIAN,AENEID,ALGERIAN,ANDRIANA,ARIANA,INDIANA,ORIANA,
ADRIANE,
ADRIANNA,
ADRIANNE,
ADRIANO,
ADRIATIC,ALTAIC,CHAOTIC,GERIATRIC,IDIOMATIC,IDIOTIC,IDIOTICALLY,ORIENTATED,PATRIOTIC,PERIODIC,REPATRIATE,RETALIATE,
ADRIEN,DRYAD,
ADRIENA,
ADRIENNE,
ADRIFT,
ADROIT,
ADROITNESS,AGEDNESS,ORNATENESS,
ADSORB,ADSORBATE,
ADSORBATE,ADSORB,ADSORBENT,EXORBITANCE,
ADSORBENT,ADSORBATE,
ADSORPTION,
ADSORPTIVE,
ADULATE,ADELA,ADELAIDE,ADELE,ADELLE,ADOLESCENCE,ADOLESCENT,ADVANTAGEOUS,ADVISABILITY,AGILE,AGILITY,AGITATE,AGITATED,AGITATOR,ANALOGY,APOLOGETIC,DEBILITATE,EDELWEISS,ELATED,ELEGY,ELEVATED,ELIGIBILITY,ELIJAH,ELITISM,ELUCIDATE,GENOCIDAL,HALOGENATED,IDLENESS,ILLEGIBLE,ILLUSTRATED,INSULATE,INSULATED,INTELLIGENT,IRIDESCENT,IRREDENTISM,ISOLATE,LEGIBILITY,LEGISLATIVE,OSCILLATE,REGULATED,TELEGENIC,UNDULATE,VACILLATE,VALIDATE,VALIDATED,
ADULATION,ABOLITION,ABOLITIONISM,ABOLITIONIST,ACCUSATION,ACQUISITION,ADAPTATION,ADDITION,ADDITIONAL,AGITATION,ALLEGATION,APPELLATION,ASSIMILATION,CANCELLATION,COLLISIONAL,DEPOSITION,DESIGNATION,DESOLATION,DISTILLATION,EDITION,EDUCATION,EDUCATIONAL,ELEVATION,ERUDITION,ESCALATION,HESITATION,IMAGINATION,IMPOSITION,INHALATION,INSULATION,ISOLATION,LEGISLATION,MAGICIAN,MODULATION,NATIONALISM,OBSESSIONAL,OPPOSITION,OSCILLATION,OXIDATION,POLLINATION,POSITION,POSSESSION,PREJUDICIAL,RACIALISM,REALIZATION,REQUISITION,REVELATION,SEDATION,TELEVISION,UTILIZATION,VACILLATION,VALIDATION,VEGETATION,
ADULATOR,ALLITERATE,EQUILATERAL,ETTORE,IDOLATRESS,LITERALNESS,OSCULATE,
ADULATORY,
ADULT,ADULTHOOD,UDELL,
ADULTERANT,ADULTNESS,
ADULTERATE,ADULTERATED,
ADULTERATED,ADULTERATE,AGITATE,AGITATED,ALLITERATIVE,CANDIDATE,CITADEL,COORDINATED,EXAGGERATED,HALOGENATED,ITERATIVE,OBLITERATE,ORIGINATE,ORIGINATOR,SATURATED,VALIDATED,
ADULTERATION,ALLITERATION,
ADULTHOOD,ADULT,
ADULTNESS,ADULTERANT,AGEDNESS,ALLEGIANT,DILIGENTNESS,GUTLESSNESS,UNDULANT,
ADUMBRATE,ADUMBRATIVE,
ADUMBRATION,
ADUMBRATIVE,ADDITIVITY,ADUMBRATE,ORIGINATIVE,
ADVANCE,
ADVANCEMENT,ADVISEMENT,INVESTMENT,
ADVANCER,ADVENTURE,
ADVANTAGE,ADDITIVE,ADJECTIVE,ADVENT,ADVENTIST,BANDAGE,DIGESTED,UNDECIDED,VATTED,
ADVANTAGEOUS,ADJACENT,ADJUSTED,ADULATE,ADVISABILITY,AGITATE,AGITATED,ASTIGMATISM,ATAVISM,CONTAGIOUS,DEVASTATE,DEVASTATING,EDUCATED,EVANESCENCE,FUNGICIDE,HALOGENATED,HESITATE,INDIGENOUS,IRREDENTISM,LEGISLATIVE,LITIGIOUS,NEGLIGENCE,OXYGENATE,PRESTIGIOUS,SUFFRAGETTE,SUGGESTIVE,VEGETATE,
ADVENT,ADVANTAGE,ADVENTIST,INVENT,
ADVENTIST,ADMINISTRATE,ADVANTAGE,ADVENT,ANTAGONISTIC,ATAVISTIC,EVANGELIST,EVANGELISTIC,EXTENSIVE,INGEST,INTERESTED,OUTDISTANCE,VESTIGE,
ADVENTITIOUS,AVARICIOUS,
ADVENTIVE,
ADVENTURE,ADVANCER,ADVENTURER,INVENTOR,
ADVENTURER,ADVENTURE,ADVENTUROUS,
ADVENTURESS,VENTUROUS,
ADVENTUROUS,ADVENTURER,
ADVERB,
ADVERBIAL,
ADVERSARIAL,ADVERTORIAL,
ADVERSARY,
ADVERSE,INVERSE,
ADVERSENESS,
ADVERSITY,DIVERSITY,
ADVERT,
ADVERTISE,ADVERTISED,ADVERTISER,ADVERTISING,ADVICE,ADVISE,
ADVERTISED,ADVERTISE,ADVERTISER,ADVERTISING,ADVISED,
ADVERTISER,ADVERTISE,ADVERTISED,ADVERTISING,ADVISER,ADVISOR,ENERGIZED,ENERGIZER,
ADVERTISING,ADVERTISE,ADVERTISED,ADVERTISER,ADVISER,ADVISOR,ENERGIZED,
ADVERTORIAL,ADVERSARIAL,
ADVICE,ADVERTISE,ADVISE,ADVISED,ADVISER,ADVISOR,EDELWEISS,INVITE,
ADVIL,ALVIN,ELVIN,
ADVISABILITY,ADULATE,ADVANTAGEOUS,ADVISEDLY,APOLOGIZE,ATAVISM,BELVEDERE,CREDIBILITY,DESIRABILITY,EDELWEISS,EGOTISM,ELIGIBILITY,ELIJAH,ELISABETH,ELITISM,EVANGELISM,FEASIBILITY,IDEALISM,LEGIBILITY,LEGITIMIZE,METABOLISM,RADICALISM,READABILITY,SUBSIDIZE,THALIDOMIDE,VALIDITY,VIGILANTISM,VISIBILITY,
ADVISABLE,ADJUSTABLE,ADVISEDLY,ANALYZABLE,AVOIDABLE,CORRIGIBLE,EDIBLE,ELIGIBLE,FEASIBLE,ILLEGIBLE,IMAGINABLE,INVISIBLE,LEGIBLE,NEGLIGIBLE,SALVAGEABLE,SIZABLE,SUBDIVIDE,VISIBLE,
ADVISABLY,ADJUSTABLY,ADVISEE,INDIVISIBLY,
ADVISE,ADVERTISE,ADVICE,ADVISED,ADVISER,ADVISOR,EDELWEISS,EDYTHE,
ADVISED,ADVERTISED,ADVICE,ADVISE,
ADVISEDLY,ADVISABILITY,ADVISABLE,EDELWEISS,EULOGIZED,OXIDIZED,
ADVISEE,ADVISABLY,
ADVISEMENT,ADVANCEMENT,
ADVISER,ADVERTISER,ADVERTISING,ADVICE,ADVISE,ADVISOR,ADVISORY,VISOR,
ADVISOR,ADVERTISER,ADVERTISING,ADVICE,ADVISE,ADVISER,ADVISORY,VISOR,
ADVISORY,ADVISER,ADVISOR,
ADVOCACY,ADVOCATE,
ADVOCATE,ABACUS,ADVOCACY,ETIQUETTE,
ADVOCATION,ABDICATION,AFFRICATION,AGITATION,AVOCATION,CODIFICATION,EDIFICATION,EDUCATION,ERADICATION,INDICATION,OBFUSCATION,
AEGEAN,CHADIAN,IDIOM,
AEGIS,ADIDAS,ADJUST,ADJUSTED,EDGINESS,EGREGIOUS,EXODUS,FAJITAS,
AELFRIC,
AENEAS,EOCENE,
AENEID,ADRIANA,INDIANIAN,
AEOLIAN,EOLIAN,
AEOLUS,
AERATE,
AERATION,
AERATOR,ASPIRATOR,UTTERER,
AERIAL,AREA,ARIEL,
AERIALIST,
AERIE,AIRY,EERIE,ERIE,
AERIEL,AERIELA,AERIELL,AREAL,ARIELA,ARIELLE,AURELIA,ORIEL,URIEL,
AERIELA,AERIEL,AERIELL,AREAL,ARIELA,ARIELLE,AURELIE,ELLARY,ORALLA,ORELLA,ORIEL,
AERIELL,AERIEL,AERIELA,AREAL,ARIELA,ARIELLE,AURELIA,ORIEL,URIEL,
AEROACOUSTIC,
AEROBATIC,ACROBAT,ACROBATIC,ACROBATICS,APOLOGETIC,ARABIC,ARITHMETIC,AROMATIC,EPIGENETIC,EPIGRAMMATIC,ERRATIC,HEPATIC,
AEROBIC,AEROBICALLY,
AEROBICALLY,AEROBIC,
AERODROME,
AERODYNAMIC,AERODYNAMICS,DYNAMIC,ENZYMATIC,
AERODYNAMICS,AERODYNAMIC,DYNAMICS,
AERONAUTIC,AERONAUTICAL,
AERONAUTICAL,AERONAUTIC,NAUTICAL,
AERONAUTICS,
AEROSOL,OCELOT,
AEROSOLIZE,
AEROSPACE,AUSPICE,
AESCHYLUS,ACIDULOUS,AIRLESSNESS,ALISUN,ALYSA,ANALOGICAL,BASILISK,CELISSE,DESOLATENESS,EALASAID,EDGELESS,ERYSIPELAS,ETHELIN,ETHELRED,ETHOLOGICAL,ILLUS,ILYSA,ISPELL,JESSALYN,JESSELYN,LISETTA,ODALISQUE,SALACITY,SEDULOUS,SESSILE,SULLENNESS,ZEALOUSNESS,
AESCULAPIUS,
AESOP,ISAAK,
AESTHETE,ESTES,
AESTHETIC,ACETIC,AESTHETICS,ANESTHETIC,ANESTHETIST,APATHETIC,ARITHMETIC,ASCETIC,ASSET,ATHLETIC,ATHLETICS,ATTEST,ATTESTED,BESET,BESETTING,EMPATHETIC,EPIGENETIC,ESTATE,ESTHETICALLY,ETCHING,GESTATE,KINESTHETIC,OFFSETTING,PATHETIC,PROSTHETIC,SETTING,SYNTHETIC,TESTING,UNSET,
AESTHETICISM,BASETTING,ECLECTICISM,ELASTICATED,EXOTICISM,PACESETTING,
AESTHETICS,ACCESS,ACCESSED,ACETIC,AESTHETIC,ANESTHETIC,ANESTHETIST,ASCETIC,ATHLETICS,ATTESTED,BESETTING,ECSTATIC,ESSEX,ESTATE,ESTHETICALLY,EXCEPT,EXCESS,EXCESSIVE,EXCHANGE,KINESTHETIC,PROSTHETICS,STAIRCASE,
AETHER,
AETIOLOGY,ARABILITY,ASSYRIOLOGY,AUDIBILITY,AUDIOLOGIST,AUDIOLOGY,AXIOLOGY,EDIBILITY,ESCHATOLOGY,ETIOLOGIC,ETIOLOGICAL,EXOBIOLOGY,GLACIOLOGY,ICHTHYOLOGY,OENOLOGY,OSTEOLOGY,SPELEOLOGY,TELEOLOGY,TERATOLOGY,
AFAIK,
AFFABILITY,ADDITIVITY,AMENABILITY,APPELLATIVE,ARABILITY,AUDIBILITY,AVIDITY,EDIBILITY,EDUCABILITY,ELISABETTA,EXCITABILITY,IMPASSIVITY,LIVABILITY,TESTABILITY,VAPIDITY,
AFFABLE,ACHIEVABLE,INEFFABLE,LAUGHABLE,
AFFABLY,
AFFAIR,
AFFECT,AFFECTED,AFFECTING,AFFECTIVE,EFFECT,
AFFECTATION,ACTIVATION,ANNEXATION,DEFECTION,EXCAVATION,EXCITATION,EXPECTATION,FIXATION,INDEXATION,INFESTATION,VEXATIOUS,
AFFECTED,ACTIVATE,AFFECT,AFFECTING,AFFECTIVE,DETECTIVE,EXCAVATE,INFECTED,
AFFECTEDNESS,ANTISEPSES,ANTISEPSIS,DEFINITENESS,FETIDNESS,FIXEDNESS,STEPHANUS,
AFFECTER,EFFECTOR,
AFFECTING,AFFECT,AFFECTED,AFFECTIVE,
AFFECTION,AFFECTIONATE,DEFECTION,INFECTION,INFECTIOUS,
AFFECTIONATE,AFFECTION,CONFECTION,DEFINITE,INDEFINITE,INFECTION,INFECTIOUS,
AFFECTIONED,
AFFECTIONING,
AFFECTIVE,ACTIVATE,AFFECT,AFFECTED,AFFECTING,DEFECTIVE,EFFECT,EFFECTIVE,EXCAVATE,INFECTIVE,INVECTIVE,
AFFERENT,EFFERENT,
AFFIANCE,
AFFIDAVIT,ACIDIFY,ACTIVATE,EDIFY,PIVOT,RIVET,VIVID,VIVIDNESS,
AFFILIATE,AFFILIATED,
AFFILIATED,AFFILIATE,CREATIVITY,DEVIATED,MATERIALITY,ORIENTATED,RETALIATE,
AFFILIATION,ALLEVIATION,CONCILIATION,OFFICIATE,
AFFINE,AFIRE,OENOPHILE,REFINE,
AFFINITY,INFINITIVE,INFINITUM,INFINITY,NATIVITY,VICINITY,
AFFIRM,
AFFIRMATION,DEFAMATION,
AFFIRMATIVE,
AFFIX,
AFFLATUS,AFFRICATIVE,ELATEDNESS,FLATUS,NEPHRITIS,
AFFLICT,
AFFLICTION,INFLICTION,REFLECTION,
AFFLICTIVE,
AFFLUENCE,AFFLUENT,EFFLUENCE,EFFLUENT,
AFFLUENT,AFFLUENCE,EFFLUENT,
AFFORD,
AFFOREST,AFFORESTED,AFFORESTING,AFFORESTS,
AFFORESTED,AFFOREST,AFFORESTING,
AFFORESTING,AFFOREST,AFFORESTED,
AFFORESTS,AFFOREST,
AFFRAY,
AFFRICATE,CONNECTICUT,ETIQUETTE,
AFFRICATION,ADVOCATION,ALLOCATION,APPLICATION,AVOCATION,COLLOCATION,EDUCATION,EDUCATIONAL,EFFICACIOUS,EQUITATION,EQUIVOCATION,ERADICATION,EXTRICATION,IMPLICATION,IMPUTATION,INDICATION,IRRIGATION,ITERATION,OCCUPATION,VACATION,
AFFRICATIVE,AFFLATUS,ASCETICISM,IRIDESCENCE,NEPHRITIS,ODORIFEROUS,ORIGINATIVE,PACIFISTIC,PESTIFEROUS,VACILLATOR,
AFFRIGHT,
AFFRONT,INFANT,
AFGHAN,
AFGHANI,
AFGHANISTAN,DATSUN,
AFICIONADO,
AFIELD,
AFIRE,AFFINE,REFINE,RIFLE,
AFLAME,
AFLOAT,
AFLUTTER,
AFOOT,
AFORE,
AFORESAID,
AFORETHOUGHT,
AFOUL,
AFRAID,
AFRESH,
AFRICA,AFRICAN,
AFRICAN,AFRICA,
AFRIKAANS,
AFRIKANER,
AFROCENTRIC,ETHNOCENTRIC,
AFROCENTRISM,ASPIDISTRA,LUTHERANISM,
AFTERBIRTH,AFTERBIRTHS,
AFTERBIRTHS,AFTERBIRTH,
AFTERBURNER,
AFTERCARE,
AFTEREFFECT,
AFTERGLOW,
AFTERIMAGE,
AFTERLIFE,AFTERLIVES,
AFTERLIVES,AFTERLIFE,
AFTERMATH,AFTERMATHS,
AFTERMATHS,AFTERMATH,
AFTERMOST,EASTERNMOST,UTTERMOST,
AFTERNOON,
AFTERS,
AFTERSHAVE,
AFTERSHOCK,AFTERTHOUGHT,
AFTERTASTE,
AFTERTHOUGHT,AFTERSHOCK,
AFTERWARD,
AFTERWORLD,
AFTON,
AGACE,AGUSTE,
AGAIN,
AGAINST,INSTIGATE,
AGAMEMNON,
AGAPAE,OKAPI,
AGAPE,ABATE,ABROGATE,EDUCATE,
AGASSIZ,ADDRESSES,
AGATA,ADDUCTION,AKKAD,EDITA,EDUCATIVE,EDUCTION,ERADICATOR,
AGATE,ACADEME,ADDUCT,ADEQUATE,AGGREGATE,AGGREGATED,AQUEDUCT,INGOT,
AGATHA,
AGATHE,AGAVE,
AGAVE,AGATHE,
AGEDNESS,ACCIDENCE,ACIDNESS,ACIDULOUS,ADAPTEDNESS,ADJACENCY,ADJUSTIVE,ADROITNESS,ADULTNESS,AGENTED,AGENTING,AGENTIVE,ANDONIS,ANTECEDENCE,ARIDNESS,ASPIDISKE,COZENAGE,DATEDNESS,DECIDEDNESS,DEGRADEDNESS,DEJECTEDNESS,DETACHEDNESS,DILIGENTNESS,EDIBLENESS,ELATEDNESS,ERGODICITY,ERIDANUS,EXIGENCE,EXTENDEDNESS,FUNGICIDAL,HYDROGENOUS,INDIGENCE,IRIDESCENCE,JADEDNESS,LEADENNESS,MAZEDNESS,PUDGINESS,SIDEDNESS,SUNDAS,VERTIGINOUS,
AGEISM,AGEIST,EXIGENCE,JASEN,SYLLOGISM,
AGEIST,AGEISM,RESISTIVE,
AGELESS,EDSEL,
AGELESSNESS,ACIDULOUS,AIMLESSNESS,AIRLESSNESS,ARTLESSNESS,BALANCEDNESS,DESOLATENESS,EDGELESS,ENDLESSNESS,ILLICITNESS,SINLESSNESS,TENSIONLESS,UNCIAL,ZEALOUSNESS,
AGENCY,ADJACENT,AGENT,ASCENDANCY,EXIGENCY,HESITANCY,IRREDENTISM,PRESIDENCY,REDUNDANCY,REGENCY,RESIDENCY,URGENCY,
AGENDA,ADDENDUM,ANTECEDENT,ANTIGEN,ATTENDED,CREDENZA,DESCENDED,DESIGNATE,ENGINE,INTELLIGENT,MAGENTA,NEGLIGENCE,NEGLIGENT,REPRESENTED,TENDED,
AGENT,ADJACENT,ADJUTANT,ADOLESCENT,AGENCY,ANTECEDENT,ASCENDANT,EXIGENT,INCIDENT,INDIGENOUS,INDIGENT,INTELLIGENT,IRIDESCENT,IRREDENTISM,RESIDENT,
AGENTED,AGEDNESS,AGENTING,AGENTIVE,ANTEDATE,ANTIGENIC,ANTIGENICITY,DEJECTEDNESS,EIGENSTATE,EXIGENCE,INDENTED,INDIGENCE,JADEDNESS,ORIGINATIVE,PRECEDENTED,RIGIDNESS,SEDATENESS,TENANTED,UNDEDICATED,UNRIDDLE,UNTALENTED,
AGENTING,AGEDNESS,AGENTED,AGENTIVE,ANTIGENIC,ANTIGENICITY,CADENCING,INDIGENCE,ORIGINATIVE,UNBUDGING,
AGENTIVE,ADJACENCY,AGEDNESS,AGENTED,AGENTING,DEJECTEDNESS,EXIGENCE,INDIGENCE,JADEDNESS,ORIGINATIVE,SEDATENESS,VIGILANTIST,VISITANT,
AGERATUM,ACCOMMODATED,ACIDITY,ADAPTABILITY,ADEQUACY,ADJUTANT,ADOLESCENCE,AGITATED,AMENABILITY,APOLOGETIC,APPALACHIAN,ATTAINABLE,ATTRIBUTABLE,ATTRIBUTED,CHARITABLE,CONSOLIDATED,CREDITABLE,CREDITED,DEPOSITARY,DESPOTISM,DETONATED,DIGITAL,DISCIPLINARY,DISREPUTABLE,DOMESTICATED,EDITED,ESOTERIC,ETYMOLOGICAL,ETYMOLOGY,GENOCIDAL,HERITABLE,HERITAGE,ILLUSTRATED,IMAGINATIVE,INHABITED,INHERITABLE,INHERITANCE,INTERESTED,IRIDESCENT,IRREDENTISM,IRRITABLE,IRRITATED,KERATIN,LEGIBILITY,LEGITIMACY,LEGITIMATE,NEPOTISM,NETTLESOME,PEJORATIVE,POLYGYNOUS,RAPIDITY,RATED,REDDEN,REGIMENTAL,REGULATED,REPRESENTED,RESTED,SEDATIVE,SHERATON,SOLIDARITY,SUGGESTIBLE,SUGGESTION,SUSTAINABLE,TEMERITY,TENEBROUS,TOPOLOGY,UNLIMITED,UNTOUCHABLE,VEGETARIAN,
AGGIE,
AGGLOMERATE,
AGGLUTINATE,INEPTITUDE,
AGGLUTININ,
AGGRANDIZE,ANTAGONIZE,ANTAGONIZED,
AGGRAVATE,ACTIVATE,AGGRAVATING,INNOVATE,
AGGRAVATING,AGGRAVATE,
AGGRAVATION,ACCUSATION,ACTIVATION,AGGREGATION,DERIVATION,ELEVATION,INNOVATION,
AGGREGATE,ADDUCT,AGATE,AGGREGATED,AQUEDUCT,RAGGED,
AGGREGATED,ABDICATE,ABROGATE,ACADEMIC,ACCOMMODATED,ADDICT,AGATE,AGGREGATE,AGGREGATES,AGITATE,AGITATED,AQUEDUCT,DECADENT,DEDICATE,DEDICATED,DEGRADED,DETECTED,EDIT,EDITED,EDUCATE,EDUCATED,EDUCATOR,ERADICATE,INDICATE,INTERROGATE,IRRIGATE,IRRITATED,MITIGATE,MITIGATED,OBLIGATE,PEDAGOGICAL,PREDICATE,REGULATED,SEGREGATE,SEGREGATED,TALLADEGA,UNMITIGATED,VALIDATED,
AGGREGATELY,AGGREGATIVE,
AGGREGATES,ACROBATICS,ADDICT,ADDICTIVE,AGGREGATED,
AGGREGATION,ABNEGATION,ABROGATION,ACCUSATION,AGGRAVATION,ALLEGATION,CONGREGATION,EDUCATION,EDUCATIONAL,IRRIGATION,NEGATION,OBLIGATION,OCCASION,SEGREGATION,
AGGREGATIVE,AGGREGATELY,EDUCATIVE,
AGGRESSION,ACCRETION,EMIGRATION,IMMIGRATION,INTEGRATION,OPPRESSION,PROGRESSION,REGRESSION,
AGGRESSIVE,ABRASIVE,ADDRESSES,AGGRESSIVELY,EXCESSIVE,OBSESSIVE,OPPRESSIVE,PROGRESSIVE,REGRESSIVE,
AGGRESSIVELY,ABRASIVE,AGGRESSIVE,REGRESSIVE,
AGGRESSOR,
AGGRIEVE,AGGRIEVED,
AGGRIEVED,AGGRIEVE,
AGHAST,
AGILE,ADAGE,ADDLE,ADOLESCENCE,ADOLESCENT,ADULATE,ANALOGY,ANALYZABLE,DAZZLE,EASEL,ELEGY,IDEOLOGIST,IDLE,IDLENESS,IDOL,IDYLL,SADDLE,
AGILITY,ABILITY,ACCIDENTAL,ACIDITY,ADAPTABILITY,ADELAIDE,ADEQUACY,ADIDAS,ADJUTANT,ADOLESCENCE,ADOLESCENT,ADULATE,AGITATED,ALACRITY,ALKALINITY,ANALOGY,ANALYTICITY,ANIMATING,APOLOGY,APPALACHIAN,ASSISTED,ATTILA,AUDACITY,AVAILABILITY,CANDIDACY,CELEBRITY,CICILY,CITADEL,CIVILITY,CONSOLIDATED,CREDIBILITY,CRITICALITY,DEBILITY,DELETED,DELIGHTED,DESIRABILITY,DIGITAL,DIGITALIS,DISSIDENT,DOCILITY,DUCTILITY,ECOLOGY,EGYPTOLOGY,ELASTICITY,ELATED,ELECTRICITY,ELEGY,ELIGIBILITY,ENTOMOLOGY,ETYMOLOGY,FEASIBILITY,FELICITY,FIDELITY,FLEXIBILITY,FRAGILITY,FUTILITY,GELATINOUS,GULLIBILITY,HALOGENATED,HOSTILITY,IDENTITY,IDLENESS,ILLUSTRATED,INDIGENOUS,INGENUITY,INSULARITY,INSULATED,ITALY,LATENCY,LEGIBILITY,LEGITIMACY,LEGITIMATE,LIQUIDITY,LITIGIOUS,LITTLETON,LOGISTICAL,MILITANCY,MODALITY,NATIVITY,ODDITY,ORIGINALITY,PADILLA,PALADIN,PETROLOGY,POLITY,POLYGYNOUS,POSSIBILITY,RAPIDITY,READABILITY,RELATIVITY,RELIGIOSITY,RIDDLE,RIGIDITY,SADELLA,SALINITY,SEASONALITY,SENILITY,SOLICITED,SOLIDARITY,SOLIDITY,STABILITY,TIMIDITY,TOPOLOGY,TRILOGY,UTILITY,VALIDATED,VALIDITY,VERSATILITY,VICINITY,VIGILANTE,VISIBILITY,VOLATILITY,
AGITATE,ABATED,ABDICATE,ABETTED,ACCOMMODATED,ACETATE,ACETIC,ACIDITY,ADAPTED,ADENOID,ADJUSTED,ADJUTANT,ADULATE,ADULTERATED,ADVANTAGEOUS,AGGREGATED,AGITATED,AGITATION,AGITATOR,ANNOTATE,ANNOTATED,ANNOTATOR,ANTECEDENT,ANTICIPATE,ANTICIPATED,APOLOGETIC,ASCETIC,ATTENDED,ATTENUATED,ATTESTED,BUDGETARY,CADET,CANDIDATE,CITADEL,COGITATE,CONSOLIDATED,DATABASE,DATASET,DEBILITATE,DEDICATE,DEDICATED,DETECTABLE,DETECTED,DETONATE,DETONATED,DIETETIC,DILAPIDATE,EDIT,EDITED,EDUCATE,EDUCATED,EDUCATOR,ELATED,ELUCIDATE,EPIGENETIC,ERADICATE,ESTATE,FACILITATE,HALOGENATED,HESITATE,HESITATING,IDETTE,IMITATE,INDEBTED,INDICATE,INSECTICIDE,INSULATED,INTERROGATE,INTOXICATED,IRRITATED,IRRITATING,ITALIANATE,JETTED,KITCHENETTE,LATINATE,LITIGIOUS,MEDITATE,MEDITATIVE,MITIGATE,MITIGATED,NECESSITATE,OPINIONATED,PALPITATE,PEDANTIC,PERIPATETIC,PREDICATE,PREMEDITATE,RATED,RESUSCITATE,SEDATIVE,TASTED,UNABATED,UNMITIGATED,VALIDATE,VALIDATED,VEGETATE,VEGETATIVE,
AGITATED,ABDICATE,ABETTED,ACCOMMODATED,ACETATE,ACIDITY,ADAGE,ADAPTABILITY,ADDENDUM,ADENOID,ADIDAS,ADJUSTED,ADJUTANT,ADMITTED,ADULATE,ADULTERATED,ADVANTAGEOUS,AGERATUM,AGGREGATED,AGILITY,AGITATE,AGITATOR,ANNOTATE,ANNOTATED,ANNOTATOR,ANTECEDENT,ANTICIPATED,ANTIGEN,ANTIPODAL,APOLOGETIC,ASSISTED,ATTAIN,ATTAINABLE,ATTENDANCE,ATTENDED,ATTESTED,BUDGETARY,CADET,CALIBRATED,CANDIDATE,CHATTED,CITADEL,CONSOLIDATED,CONTESTED,CREDITED,DEBILITATE,DEDICATE,DEDICATED,DESCENDED,DETECTABLE,DETECTED,DETONATED,DIGITIZE,DISGUSTED,DOMESTICATED,EDIT,EDITED,EDITOR,EDUCATE,EDUCATED,EDUCATOR,ELATED,EPIGENETIC,ERADICATE,EXAGGERATED,EXCITED,FETID,FIDELITY,GUTTED,HALOGENATED,HESITATE,HESITATING,HYDROGENATE,IDENTITY,ILLUSTRATED,INDICATE,INHABITED,INSULATED,INTOXICATED,INVITED,IRRITATED,IRRITATING,JADED,KITCHENETTE,KNITTED,LIGHTED,LIGHTHEADED,LITIGATOR,MEDITATE,MEDITATIVE,MITIGATE,MITIGATED,NEGATIVITY,ODDITY,OUTAGE,PATTED,PEDAGOGICAL,PEDANTIC,PERIPATETIC,PETTED,PITTED,POSEIDON,PREDICATE,PREJUDICE,PREMEDITATE,RAPIDITY,RATED,REGULATED,RIGID,SEDATIVE,SUBMITTED,TASTED,UNMITIGATED,UNTOUCHABLE,VALIDATED,VEGETATE,VEGETATIVE,
AGITATION,ACADEMICIAN,ADAPTATION,ADDITION,ADDITIONAL,ADULATION,ADVOCATION,AGITATE,ANASTASIA,ANNOTATION,ANTICIPATION,AUDACIOUS,AUDITION,CAPITULATION,CETACEAN,CITATION,COGITATION,DEDICATION,DEPOSITION,DESICCATION,DESIGNATION,DESTINATION,DETONATION,DILATATION,EDIFICATION,EDITION,EDUCATION,EDUCATIONAL,EQUITATION,ERADICATION,ERUDITION,EXCITATION,EXHIBITION,EXPEDITION,EXPEDITIOUS,FACILITATION,GESTATION,HABITATION,HESITATION,IMAGINATION,IMITATION,IMPUTATION,INDICATION,INTONATION,INVITATION,ISOLATION,ITERATION,LEGISLATION,LITIGATION,MAGICIAN,MEDICATION,MEDITATION,OBSESSIONAL,OPPOSITION,ORIGINATION,OXIDATION,PALPITATION,PETITION,POSITION,POSSESSION,PREJUDICIAL,REPETITION,REPUTATION,SANITATION,SEDATION,VALIDATION,VEGETATION,
AGITATOR,ACETATE,ACIDITY,ADULATE,AGITATE,AGITATED,ANNOTATED,ANNOTATOR,ANTICIPATED,APOLOGETIC,APPLICATOR,ATTESTED,AUDACITY,AUDITOR,CITADEL,DEBATER,DEDICATED,DETECTED,DETECTOR,DETONATED,DETONATOR,DICTATOR,EDITOR,EDUCATE,EDUCATED,EDUCATOR,EPIGENETIC,ERADICATE,FACILITATOR,HALOGENATED,HESITATE,HESITATING,IMITATOR,INDICATOR,IRRITATED,IRRITATING,LEGISLATOR,LITIGATOR,MEDITATE,MEDITATIVE,ORIGINATOR,TATER,UNMITIGATED,VALIDATED,VEGETATE,VEGETATIVE,
AGITPROP,
AGLAIA,
AGLEAM,
AGLITTER,INTEGRATOR,
AGLOW,
AGNELLA,
AGNES,INGLIS,
AGNESE,
AGNESSE,
AGNETA,
AGNEW,
AGNOLA,
AGNOSTIC,ANTAGONISTIC,ASTRONAUTIC,ECSTATIC,EXOTIC,SARCASTIC,
AGNOSTICISM,EXOTICALLY,EXOTICISM,EXOTICNESS,
AGONIZE,AGONIZED,AGONIZING,ANTAGONISM,ANTAGONIZE,ANTAGONIZED,ANTAGONIZING,ORGANIZE,ORGANIZES,ORGANIZING,
AGONIZED,AGONIZE,AGONIZING,ANTAGONIZED,ANTAGONIZING,ORGANIZED,OXIDIZED,UNORGANIZED,
AGONIZEDLY,
AGONIZING,AGONIZE,AGONIZED,ANTAGONISM,ANTAGONIZE,ANTAGONIZED,ANTAGONIZING,APOLOGIZING,DESIGNING,ECONOMIZING,IONIZING,OBLIGING,ORGANIZES,ORGANIZING,RECOGNIZING,RISING,
AGONY,ACADEMY,ANTIGONE,
AGORAPHOBIA,
AGORAPHOBIC,
AGOSTO,
AGRARIAN,AGRARIANISM,
AGRARIANISM,AGRARIAN,AMERICANISM,ARIANISM,BULGARIAN,MATERIALISM,
AGREE,
AGREEABLE,DISAGREEABLE,
AGREEABLY,
AGREEING,
AGREEMENT,EMIGRANT,IMMIGRANT,
AGREER,
AGRETHA,
AGRIBUSINESS,
AGRICOLA,
AGRICULTURAL,AGRICULTURE,
AGRICULTURE,AGRICULTURAL,AQUACULTURE,
AGRIPPA,
AGRIPPINA,
AGRONOMIC,
AGRONOMIST,
AGRONOMY,
AGROUND,
AGUIE,
AGUILAR,
AGUINALDO,
AGUIRRE,
AGUISTIN,
AGUSTE,AGACE,
AGUSTIN,
AHARON,
AHEAD,HEAD,
AHEM,
AHMAD,
AHMADABAD,ANABEL,ANABELLE,ANABOLISM,ANNABAL,ANNABELL,BARABBAS,BOBINE,DAMAGEABLE,DIRIGIBLE,DIVIDABLE,EDIBLENESS,EDITABLE,ELIZABET,EMBEDDABLE,IBADAN,IBID,IBIDEM,ICHABOD,INHABITABLE,IZABEL,KABOB,KILOBAUD,NUBBIN,UNMEETABLE,
AHMED,ABOMINABLE,HOMAGE,OMNIBUS,
AHOY,
AHRIMAN,ALDERAMIN,
AID,AIDE,AIDED,EYDE,
AIDA,IDEA,
AIDAN,
AIDE,AID,AIDED,EYDE,
AIDED,ACCREDITED,ADDITIVE,AID,AIDE,AUDITED,BEDDED,BIDDEN,DADE,DEJECTED,DID,EDITHE,EMBEDDED,EYDE,EYDIE,KIDDED,LEADED,OUTDID,UNDATED,
AIDER,
AIGNEIS,LINNAEUS,
AIGRETTE,EXECRATE,
AIKEN,ACHING,TAKING,
AIL,ALE,ELL,ELLE,ILL,OIL,
AILA,ILLA,
AILBERT,
AILEE,AILEY,ALLELE,ALLEY,ALLIE,ELI,ELIE,ELLIE,ELLY,ELOY,ELY,OILY,
AILEEN,ALEEN,ALENE,ALLENE,ALLYN,ANILINE,EILEEN,ELEEN,ELENE,ELLENE,ILENE,
AILENE,ALYSS,
AILERON,
AILEY,AILEE,ALLELE,ALLEY,ALLIE,ELI,ELIE,ELLIE,ELLY,ELOY,ELY,OILY,
AILI,ELLI,ILLY,
AILINA,ADELINA,AILYN,ALANAH,ALLINA,AMELINA,ELANA,ELENI,ELLYNN,ELONORE,MILENA,NATALINA,OLENOLIN,
AILMENT,ELEMENT,ENLISTMENT,ENRICHMENT,
AILSUN,
AILYN,AILINA,ELANA,ELLYNN,ELONORE,OLENOLIN,
AIM,AME,
AIMEE,AMIE,AMY,EMMI,EMMIE,EMMY,
AIMER,
AIMIL,AMALLE,AMYL,EIMILE,EMMALYN,EMMALYNN,EMMALYNNE,
AIMLESS,
AIMLESSNESS,AGELESSNESS,AIRLESSNESS,ENDLESSNESS,UNCIAL,
AINDREA,AUNDREA,
AINSLEE,
AINSLEY,ANSLEY,
AINSLIE,
AINU,
AIR,ERE,EYRE,HEIR,
AIRBAG,
AIRBASE,
AIRBORNE,
AIRBRUSH,
AIRBUS,
AIRCRAFT,
AIRCREW,
AIRDROP,
AIRDROPPED,
AIRDROPPING,
AIREDALE,ELDREDGE,ENRAGE,
AIRES,ANTARES,ARIES,
AIRFARE,
AIRFIELD,OILFIELD,
AIRFLOW,
AIRFOIL,
AIRFRAME,
AIRFREIGHT,
AIRILY,JERRYLEE,MARYLEE,VERILY,
AIRINESS,ELEEMOSYNARY,LEERINESS,MERRINESS,ORNERINESS,
AIRING,EARRING,ERIN,ERRING,
AIRLESS,HEIRESS,
AIRLESSNESS,AESCHYLUS,AGELESSNESS,AIMLESSNESS,ARTLESSNESS,DESOLATENESS,ENDLESSNESS,GUTLESSNESS,ILLICITNESS,SINLESSNESS,SUNLESS,TENSIONLESS,UNCIAL,ZEALOUSNESS,
AIRLIFT,
AIRLINE,ARLINE,ARLYNE,
AIRLINER,EYELINER,
AIRLOCK,
AIRMAIL,AIRMEN,
AIRMAN,
AIRMASS,
AIRMEN,AIRMAIL,OILMEN,
AIRPARK,
AIRPLANE,
AIRPLAY,
AIRPORT,
AIRSHIP,
AIRSICK,
AIRSICKNESS,
AIRSPACE,
AIRSPEED,
AIRSTRIP,OUTSTRIP,
AIRTIGHT,ALRIGHT,ANTITRUST,APARTHEID,ENTITLE,OUTRIGHT,TRIPARTITE,
AIRTIGHTNESS,APPOSITENESS,TRITENESS,UPRIGHTNESS,
AIRTIME,
AIRWAVES,
AIRWAY,
AIRWORTHY,
AIRY,AERIE,EERIE,ERIE,
AISHA,
AISLE,ISLE,
AITCH,
AJAR,BAZAAR,BIZARRE,LODGES,
AJAX,ADJECTIVE,EJECT,EXACT,
AJAY,DAISY,EDGY,EDITHA,EDITHE,EDYTH,
AKA,
AKBAR,
AKIHITO,
AKIMBO,
AKIN,CUTTING,NICOTINE,
AKITA,CONCHITA,NIKITA,RICKETY,TEACUP,TOPEKA,
AKKAD,ADDUCTION,AGATA,EDUCTION,
AKRON,
AKSEL,AXOLOTL,
ALA,ALLAH,ELLA,ILA,
ALABAMA,ALABAMAN,ALAMEDA,ALIBI,AMABEL,AMABELLE,ANNABELLA,ISLAMABAD,
ALABAMAN,ABOMINABLE,ALABAMA,ALAMEDA,AMABEL,ANNABEL,ANNABELLA,IMAGINABLE,ISLAMABAD,MALAMUD,METABOLISM,
ALABAMIAN,
ALABASTER,
